"","totalTime","fittingTime","predictionTime","accuracyTime","testingAUC","cores","GBMemory","trainingExamples","spatialResolution","taxon","numPredictors","cells"
"1",5.71199999999953,0.00500000000010914,3.67499999999927,2.01000000000022,0.689375875447538,8,16,100,0.5,"Picea",5,35000
"2",5.71499999999924,0.00299999999970169,3.67000000000007,2.02099999999973,0.664697869568146,8,16,100,0.5,"Picea",5,35000
"3",5.69599999999991,0.00299999999970169,3.67900000000009,1.99099999999999,0.698562374207248,8,16,100,0.5,"Picea",5,35000
"4",5.63699999999972,0.00299999999970169,3.65400000000045,1.95799999999963,0.685468933677611,8,16,100,0.5,"Picea",5,35000
"5",5.71900000000005,0.00299999999970169,3.6840000000002,2.00799999999981,0.710825538516147,8,16,100,0.5,"Picea",5,35000
"6",5.68100000000049,0.00299999999970169,3.66800000000057,1.98700000000008,0.697089527051076,8,16,100,0.5,"Picea",5,35000
"7",5.6880000000001,0.00399999999990541,3.65900000000056,2.0029999999997,0.652796303604315,8,16,100,0.5,"Picea",5,35000
"8",5.72899999999936,0.00299999999970169,3.66899999999987,2.03499999999985,0.638471969155307,8,16,100,0.5,"Picea",5,35000
"9",5.6909999999998,0.00399999999990541,3.65300000000025,2.01099999999951,0.661246241343813,8,16,100,0.5,"Picea",5,35000
"10",5.6880000000001,0.00299999999970169,3.66700000000037,1.99600000000009,0.590497397887572,8,16,100,0.5,"Picea",5,35000
"11",5.71200000000044,0.00399999999990541,3.68900000000031,1.99600000000009,0.697879296328145,8,16,500,0.5,"Picea",5,35000
"12",5.74099999999999,0.00500000000010914,3.71299999999974,2,0.714590725428669,8,16,500,0.5,"Picea",5,35000
"13",5.73899999999958,0.00500000000010914,3.6860000000006,2.02499999999964,0.713132939433761,8,16,500,0.5,"Picea",5,35000
"14",5.66699999999946,0.00300000000061118,3.63400000000001,2.00699999999961,0.71617499852794,8,16,500,0.5,"Picea",5,35000
"15",5.65099999999984,0.00500000000010914,3.64499999999953,1.97800000000007,0.709751881899657,8,16,500,0.5,"Picea",5,35000
"16",5.67799999999988,0.00400000000081491,3.65200000000004,1.99799999999959,0.708495286479148,8,16,500,0.5,"Picea",5,35000
"17",5.67599999999948,0.00399999999990541,3.66300000000047,1.98499999999967,0.69649360128899,8,16,500,0.5,"Picea",5,35000
"18",5.72199999999975,0.00299999999970169,3.70399999999972,1.99200000000019,0.710244657238412,8,16,500,0.5,"Picea",5,35000
"19",5.67399999999998,0.00399999999990541,3.66899999999987,1.97800000000007,0.7174869200968,8,16,500,0.5,"Picea",5,35000
"20",5.13000000000011,0.00500000000010914,3.0029999999997,2.10300000000007,0.707955282532874,1,4,100,0.5,"Picea",5,35000
"21",5.48599999999988,0.00299999999970169,2.9989999999998,2.46300000000065,0.688223361023259,1,4,100,0.5,"Picea",5,35000
"22",5.68499999999949,0.00399999999990541,3.66799999999967,1.98999999999978,0.71145202560977,8,16,500,0.5,"Picea",5,35000
"23",5.49200000000019,0.00299999999970169,3.07700000000023,2.39300000000003,0.670412885756064,1,4,100,0.5,"Picea",5,35000
"24",5.67399999999998,0.00500000000010914,3.66499999999996,1.97900000000027,0.701816601636096,8,16,1000,0.5,"Picea",5,35000
"25",5.60099999999966,0.00399999999990541,3.14000000000033,2.43599999999969,0.668553965551619,1,4,100,0.5,"Picea",5,35000
"26",5.66600000000017,0.00500000000010914,3.63699999999972,1.99900000000071,0.701994538206769,8,16,1000,0.5,"Picea",5,35000
"27",5.12700000000041,0.00299999999970169,3.00600000000031,2.09799999999996,0.688754793930744,1,4,100,0.5,"Picea",5,35000
"28",5.73599999999988,0.00399999999990541,3.69200000000001,2.01499999999942,0.713687790151596,8,16,1000,0.5,"Picea",5,35000
"29",5.57700000000023,0.00299999999970169,3.03400000000056,2.51999999999953,0.659170462332816,1,4,100,0.5,"Picea",5,35000
"30",5.71799999999985,0.00500000000010914,3.67500000000018,2.01299999999992,0.721145135179039,8,16,1000,0.5,"Picea",5,35000
"31",5.13000000000011,0.00299999999970169,2.98900000000049,2.11700000000019,0.722289464110279,1,4,100,0.5,"Picea",5,35000
"32",5.74799999999959,0.00500000000010914,3.69700000000012,2.01899999999932,0.717879227926517,8,16,1000,0.5,"Picea",5,35000
"33",5.28600000000006,0.00199999999949796,2.98900000000049,2.27499999999964,0.693960006966669,1,4,100,0.5,"Picea",5,35000
"34",5.72299999999996,0.00500000000010914,3.67900000000009,2.01400000000012,0.715997860584426,8,16,1000,0.5,"Picea",5,35000
"35",5.52700000000004,0.00300000000061118,3.13499999999931,2.3690000000006,0.582946457151133,1,4,100,0.5,"Picea",5,35000
"36",5.77100000000064,0.00500000000010914,3.72500000000036,2.01699999999983,0.698607904293864,8,16,1000,0.5,"Picea",5,35000
"37",5.5,0.00299999999970169,3.01699999999983,2.45900000000074,0.673709258058799,1,4,100,0.5,"Picea",5,35000
"38",5.85400000000027,0.00500000000010914,3.64300000000003,2.18100000000049,0.713804030132242,8,16,1000,0.5,"Picea",5,35000
"39",5.49600000000009,0.00399999999990541,3.26699999999983,2.20100000000002,0.708973841327547,1,4,500,0.5,"Picea",5,35000
"40",5.70499999999993,0.00500000000010914,3.67199999999957,2.00399999999991,0.710133262341885,8,16,1000,0.5,"Picea",5,35000
"41",5.30099999999948,0.00399999999990541,2.98800000000028,2.28799999999956,0.720096868390391,1,4,500,0.5,"Picea",5,35000
"42",5.6840000000002,0.00500000000010914,3.65300000000025,2.0010000000002,0.712261573872747,8,16,1000,0.5,"Picea",5,35000
"43",5.93299999999999,0.00299999999970169,3.21100000000024,2.69899999999961,0.71596836789869,1,4,500,0.5,"Picea",5,35000
"44",5.74300000000039,0.00700000000051659,3.72199999999975,1.98700000000008,0.724743884501904,8,16,2000,0.5,"Picea",5,35000
"45",6.09500000000025,0.00399999999990541,3.24900000000071,2.82099999999991,0.708355234004466,1,4,500,0.5,"Picea",5,35000
"46",5.65899999999965,0.0069999999996071,3.65000000000055,1.97499999999945,0.707253096484261,8,16,2000,0.5,"Picea",5,35000
"47",5.34600000000046,0.00399999999990541,3.07700000000023,2.24499999999989,0.71046172211527,1,4,500,0.5,"Picea",5,35000
"48",5.69600000000082,0.00700000000051659,3.67399999999998,1.98700000000008,0.727345583205604,8,16,2000,0.5,"Picea",5,35000
"49",5.05599999999959,0.00299999999970169,2.90499999999975,2.1260000000002,0.704624291219176,1,4,500,0.5,"Picea",5,35000
"50",5.72299999999996,0.0069999999996071,3.67900000000009,2.00900000000001,0.712197619591158,8,16,2000,0.5,"Picea",5,35000
"51",5.08200000000033,0.00300000000061118,2.94999999999982,2.10800000000017,0.698248970046902,1,4,500,0.5,"Picea",5,35000
"52",5.78099999999995,0.0069999999996071,3.72500000000036,2.02099999999973,0.7038631058061,8,16,2000,0.5,"Picea",5,35000
"53",5.13499999999931,0.00399999999990541,2.98199999999997,2.12899999999991,0.708105267333016,1,4,500,0.5,"Picea",5,35000
"54",5.73700000000008,0.0069999999996071,3.69499999999971,2.00700000000052,0.710432822557923,8,16,2000,0.5,"Picea",5,35000
"55",5.06400000000031,0.00399999999990541,2.93700000000081,2.10199999999986,0.705915413676268,1,4,500,0.5,"Picea",5,35000
"56",5.13199999999961,0.00299999999970169,3.00400000000081,2.10399999999936,0.709502517642962,1,4,500,0.5,"Picea",5,35000
"57",5.72000000000025,0.00600000000031287,3.6899999999996,1.9970000000003,0.714667002184529,8,16,2000,0.5,"Picea",5,35000
"58",5.125,0.00399999999990541,2.94300000000021,2.15700000000015,0.707480597014925,1,4,1000,0.5,"Picea",5,35000
"59",5.7529999999997,0.0069999999996071,3.70899999999983,2.01000000000022,0.713175499357602,8,16,2000,0.5,"Picea",5,35000
"60",5.55599999999959,0.00799999999981083,3.08600000000024,2.43099999999959,0.690940913248407,1,4,1000,0.5,"Picea",5,35000
"61",5.73199999999997,0.0069999999996071,3.69700000000012,2.0010000000002,0.711855425848508,8,16,2000,0.5,"Picea",5,35000
"62",5.08899999999994,0.00500000000010914,2.94499999999971,2.11700000000019,0.707250902799169,1,4,1000,0.5,"Picea",5,35000
"63",5.69300000000021,0.00700000000051659,3.64199999999983,2.01800000000003,0.716957910374158,8,16,2000,0.5,"Picea",5,35000
"64",5.16899999999987,0.00399999999990541,2.92999999999938,2.21200000000044,0.708708115133527,1,4,1000,0.5,"Picea",5,35000
"65",5.72600000000057,0.0120000000006257,3.67399999999998,2.00500000000011,0.71139284276135,8,16,5000,0.5,"Picea",5,35000
"66",5.02599999999984,0.00500000000010914,2.92000000000007,2.07999999999993,0.712270777748857,1,4,1000,0.5,"Picea",5,35000
"67",5.76500000000033,0.0119999999997162,3.69200000000001,2.02700000000004,0.707452178766283,8,16,5000,0.5,"Picea",5,35000
"68",5.47400000000016,0.00500000000010914,3.26500000000033,2.18299999999999,0.713755138008387,1,4,1000,0.5,"Picea",5,35000
"69",5.71199999999953,0.0109999999995125,3.67799999999988,1.98800000000028,0.72364873872503,8,16,5000,0.5,"Picea",5,35000
"70",5.15499999999975,0.00499999999919964,3.03200000000015,2.09400000000005,0.712386251135062,1,4,1000,0.5,"Picea",5,35000
"71",5.6899999999996,0.011000000000422,3.66499999999996,1.98099999999977,0.723913377681336,8,16,5000,0.5,"Picea",5,35000
"72",5.17900000000009,0.00399999999990541,3.01699999999983,2.13700000000063,0.704067614432522,1,4,1000,0.5,"Picea",5,35000
"73",5.78000000000065,0.0119999999997162,3.71199999999953,2.02100000000064,0.715271475054031,8,16,5000,0.5,"Picea",5,35000
"74",5.03899999999976,0.00499999999919964,2.91700000000037,2.09500000000025,0.703861943193622,1,4,1000,0.5,"Picea",5,35000
"75",5.24199999999928,0.00400000000081491,2.93499999999949,2.27999999999975,0.716410574030811,1,4,1000,0.5,"Picea",5,35000
"76",5.75900000000001,0.0120000000006257,3.69200000000001,2.01999999999953,0.715230546312291,8,16,5000,0.5,"Picea",5,35000
"77",5.25900000000001,0.00599999999940337,2.91200000000026,2.31800000000021,0.717704907764924,1,4,2000,0.5,"Picea",5,35000
"78",5.7510000000002,0.0109999999995125,3.71200000000044,1.99099999999999,0.714175697268954,8,16,5000,0.5,"Picea",5,35000
"79",5.05199999999968,0.00600000000031287,2.93900000000031,2.08299999999963,0.715036613171972,1,4,2000,0.5,"Picea",5,35000
"80",5.7510000000002,0.0109999999995125,3.67699999999968,2.02800000000025,0.707297793037723,8,16,5000,0.5,"Picea",5,35000
"81",5.20100000000002,0.00599999999940337,2.94200000000001,2.23000000000047,0.710060499005018,1,4,2000,0.5,"Picea",5,35000
"82",5.73899999999958,0.0120000000006257,3.68099999999959,2.01299999999992,0.713352700000709,8,16,5000,0.5,"Picea",5,35000
"83",5.03899999999976,0.00600000000031287,2.9340000000002,2.07399999999961,0.699466578146466,1,4,2000,0.5,"Picea",5,35000
"84",5.77799999999934,0.0119999999997162,3.71900000000005,2.01299999999992,0.703025195088813,8,16,5000,0.5,"Picea",5,35000
"85",5.3119999999999,0.0069999999996071,3.05600000000049,2.22599999999966,0.714130037228137,1,4,2000,0.5,"Picea",5,35000
"86",5.25399999999991,0.00600000000031287,3,2.22400000000016,0.712399185313724,1,4,2000,0.5,"Picea",5,35000
"87",5.10899999999947,0.00599999999940337,2.98199999999997,2.09699999999975,0.717668975822678,1,4,2000,0.5,"Picea",5,35000
"88",5.13299999999981,0.00600000000031287,2.9989999999998,2.10300000000007,0.719802247920021,1,4,2000,0.5,"Picea",5,35000
"89",5.00900000000001,0.00599999999940337,2.90300000000025,2.07600000000002,0.71195172774881,1,4,2000,0.5,"Picea",5,35000
"90",5.10199999999986,0.00599999999940337,2.96299999999974,2.10900000000038,0.714811781987196,1,4,2000,0.5,"Picea",5,35000
"91",5.10400000000027,0.0120000000006257,2.96000000000004,2.10099999999966,0.719965897384261,1,4,5000,0.5,"Picea",5,35000
"92",5.22099999999955,0.0119999999997162,2.99499999999989,2.1840000000002,0.721565102419812,1,4,5000,0.5,"Picea",5,35000
"93",5.08899999999994,0.011000000000422,2.9380000000001,2.10999999999967,0.704467465299128,1,4,5000,0.5,"Picea",5,35000
"94",5.07999999999993,0.0109999999995125,2.9380000000001,2.10100000000057,0.719122286218447,1,4,5000,0.5,"Picea",5,35000
"95",5.13800000000083,0.0109999999995125,2.9940000000006,2.10300000000007,0.709407187855504,1,4,5000,0.5,"Picea",5,35000
"96",5.18900000000031,0.0109999999995125,2.97000000000025,2.17799999999988,0.711354641992825,1,4,5000,0.5,"Picea",5,35000
"97",5.18199999999979,0.0180000000000291,2.98999999999978,2.125,0.711183849034739,1,4,5000,0.5,"Picea",5,35000
"98",5.22900000000027,0.0119999999997162,2.99900000000071,2.1880000000001,0.714832700176849,1,4,5000,0.5,"Picea",5,35000
"99",5.07400000000052,0.011000000000422,2.9409999999998,2.09100000000035,0.707735587566929,1,4,5000,0.5,"Picea",5,35000
"100",5.16800000000057,0.0119999999997162,3.03099999999995,2.09600000000046,0.716701813823931,1,4,5000,0.5,"Picea",5,35000
"101",5.66100000000006,0.0219999999999345,3.52400000000034,2.07200000000012,0.711851490261682,8,16,10000,0.5,"Picea",5,35000
"102",5.72800000000007,0.0190000000002328,3.59899999999925,2.0600000000004,0.701763511461376,8,16,10000,0.5,"Picea",5,35000
"103",5.69799999999941,0.0190000000002328,3.54500000000007,2.08399999999983,0.713514559621704,8,16,10000,0.5,"Picea",5,35000
"104",5.66299999999956,0.0199999999995271,3.52700000000004,2.06700000000001,0.718358617431371,8,16,10000,0.5,"Picea",5,35000
"105",5.7529999999997,0.0189999999993233,3.6260000000002,2.05799999999999,0.720862789745266,8,16,10000,0.5,"Picea",5,35000
"106",5.59099999999944,0.0200000000004366,3.48700000000008,2.03399999999965,0.713245340090009,8,16,10000,0.5,"Picea",5,35000
"107",5.69999999999982,0.0190000000002328,3.5619999999999,2.06999999999971,0.722498323047087,8,16,10000,0.5,"Picea",5,35000
"108",5.16899999999987,0.0219999999999345,3.01299999999992,2.09299999999985,0.711980553275905,1,4,10000,0.5,"Picea",5,35000
"109",5.17199999999957,0.0199999999995271,3.02500000000055,2.08299999999963,0.718398350770141,1,4,10000,0.5,"Picea",5,35000
"110",5.67399999999998,0.0200000000004366,3.54100000000017,2.0630000000001,0.708362930261891,8,16,10000,0.5,"Picea",5,35000
"111",5.30799999999999,0.0199999999995271,3.17799999999988,2.06500000000051,0.711359939075936,1,4,10000,0.5,"Picea",5,35000
"112",5.86700000000019,0.0190000000002328,3.59199999999964,2.20800000000054,0.713556947943915,8,16,10000,0.5,"Picea",5,35000
"113",5.22100000000046,0.0209999999997308,3.09000000000015,2.06700000000001,0.714374473748837,1,4,10000,0.5,"Picea",5,35000
"114",5.51500000000033,0.0200000000004366,3.44499999999971,2,0.713054162124013,8,16,10000,0.5,"Picea",5,35000
"115",5.19999999999982,0.0190000000002328,3.05199999999968,2.08500000000004,0.709966744344493,1,4,10000,0.5,"Picea",5,35000
"116",5.66899999999987,0.0349999999998545,3.50999999999931,2.0610000000006,0.711133898888474,8,16,20000,0.5,"Picea",5,35000
"117",5.28200000000015,0.0200000000004366,3.13500000000022,2.08100000000013,0.711850700185037,1,4,10000,0.5,"Picea",5,35000
"118",5.75700000000052,0.0410000000001673,3.59599999999955,2.0590000000002,0.714107662878867,8,16,20000,0.5,"Picea",5,35000
"119",5.34300000000076,0.0199999999995271,3.13199999999961,2.14700000000084,0.722112648873203,1,4,10000,0.5,"Picea",5,35000
"120",5.69500000000062,0.0389999999997599,3.57300000000032,2.02500000000055,0.706620594239068,8,16,20000,0.5,"Picea",5,35000
"121",5.53600000000006,0.0209999999997308,3.1260000000002,2.34299999999985,0.710887365569344,1,4,10000,0.5,"Picea",5,35000
"122",5.6880000000001,0.0399999999999636,3.52700000000004,2.06099999999969,0.710928287915788,8,16,20000,0.5,"Picea",5,35000
"123",5.45200000000023,0.0210000000006403,3.17900000000009,2.20699999999943,0.718781455462059,1,4,10000,0.5,"Picea",5,35000
"124",5.73499999999967,0.0390000000006694,3.55799999999999,2.07799999999952,0.720332307028032,8,16,20000,0.5,"Picea",5,35000
"125",5.90599999999995,0.0200000000004366,3.26800000000003,2.57399999999961,0.706157912172422,1,4,10000,0.5,"Picea",5,35000
"126",5.73099999999977,0.0410000000001673,3.55799999999999,2.07200000000012,0.709851409808598,8,16,20000,0.5,"Picea",5,35000
"127",5.72599999999966,0.0399999999999636,3.23499999999967,2.39199999999983,0.705550663139949,1,4,20000,0.5,"Picea",5,35000
"128",5.83799999999974,0.0399999999999636,3.625,2.11200000000008,0.720715644343303,8,16,20000,0.5,"Picea",5,35000
"129",5.70299999999952,0.0420000000003711,3.21399999999994,2.35899999999947,0.717807876616984,1,4,20000,0.5,"Picea",5,35000
"130",5.74099999999999,0.0419999999994616,3.57800000000043,2.06099999999969,0.71304447617364,8,16,20000,0.5,"Picea",5,35000
"131",5.32899999999972,0.0489999999999782,3.11400000000049,2.10599999999977,0.71283388754863,1,4,20000,0.5,"Picea",5,35000
"132",5.73899999999958,0.0399999999999636,3.5639999999994,2.07600000000002,0.714495789863262,8,16,20000,0.5,"Picea",5,35000
"133",5.55199999999968,0.0430000000005748,3.11999999999989,2.33399999999983,0.709712753931908,1,4,20000,0.5,"Picea",5,35000
"134",5.79199999999946,0.0400000000008731,3.60699999999997,2.08599999999933,0.708180444701892,8,16,20000,0.5,"Picea",5,35000
"135",5.53499999999985,0.0590000000001965,3.23599999999988,2.18299999999999,0.719438002557489,1,4,20000,0.5,"Picea",5,35000
"136",5.82700000000023,0.056999999999789,3.6239999999998,2.0630000000001,0.718387708281404,8,16,30000,0.5,"Picea",5,35000
"137",5.58999999999924,0.0529999999998836,3.26500000000033,2.21699999999964,0.701050350055465,1,4,20000,0.5,"Picea",5,35000
"138",5.92700000000059,0.0629999999991924,3.67100000000028,2.11400000000049,0.710304758289078,8,16,30000,0.5,"Picea",5,35000
"139",5.68900000000031,0.0450000000000728,3.33299999999963,2.25500000000011,0.718948407985677,1,4,20000,0.5,"Picea",5,35000
"140",6.05500000000029,0.0640000000003056,3.67299999999977,2.23400000000038,0.723920650987355,8,16,30000,0.5,"Picea",5,35000
"141",5.81500000000051,0.0429999999996653,3.40599999999995,2.3100000000004,0.717988770005268,1,4,20000,0.5,"Picea",5,35000
"142",5.97800000000007,0.0590000000001965,3.72499999999945,2.11200000000008,0.712902349438178,8,16,30000,0.5,"Picea",5,35000
"143",5.72299999999996,0.0469999999995707,3.35300000000007,2.26700000000073,0.707068268936382,1,4,20000,0.5,"Picea",5,35000
"144",5.96299999999974,0.0640000000003056,3.71500000000015,2.09999999999945,0.709565217164719,8,16,30000,0.5,"Picea",5,35000
"145",5.48000000000047,0.0450000000000728,3.14499999999953,2.23500000000058,0.718624608773039,1,4,20000,0.5,"Picea",5,35000
"146",5.89199999999983,0.0630000000001019,3.64300000000003,2.10599999999977,0.707776392096457,8,16,30000,0.5,"Picea",5,35000
"147",5.67600000000039,0.0670000000000073,3.34700000000066,2.18599999999969,0.714046813945159,1,4,30000,0.5,"Picea",5,35000
"148",5.97600000000057,0.0659999999998035,3.71399999999994,2.11300000000028,0.717723255634081,8,16,30000,0.5,"Picea",5,35000
"149",6.10899999999947,0.0630000000001019,3.51100000000042,2.46299999999974,0.717611290178125,1,4,30000,0.5,"Picea",5,35000
"150",5.92100000000028,0.0640000000003056,3.66699999999946,2.10800000000017,0.711862237007534,8,16,30000,0.5,"Picea",5,35000
"151",5.85699999999997,0.0600000000004002,3.38400000000001,2.33899999999994,0.711055405973099,1,4,30000,0.5,"Picea",5,35000
"152",6.1269999999995,0.212000000000444,3.71599999999944,2.11700000000019,0.709495325300782,8,16,30000,0.5,"Picea",5,35000
"153",5.86399999999958,0.0730000000003201,3.38900000000012,2.32299999999941,0.712726968108601,1,4,30000,0.5,"Picea",5,35000
"154",5.89300000000003,0.0649999999995998,3.64000000000033,2.10500000000047,0.70559220395166,8,16,30000,0.5,"Picea",5,35000
"155",6.28800000000047,0.0630000000001019,3.37899999999991,2.77000000000044,0.713840705853611,1,4,30000,0.5,"Picea",5,35000
"156",6,0.0799999999999272,3.69599999999991,2.12100000000009,0.715418904743523,8,16,40000,0.5,"Picea",5,35000
"157",5.78899999999976,0.0910000000003492,3.29099999999926,2.28700000000026,0.722588773718868,1,4,30000,0.5,"Picea",5,35000
"158",6.16399999999976,0.228000000000065,3.71100000000024,2.12100000000009,0.705593996861574,8,16,40000,0.5,"Picea",5,35000
"159",5.84799999999996,0.0599999999994907,3.23700000000008,2.47500000000036,0.712094434201292,1,4,30000,0.5,"Picea",5,35000
"160",6.13900000000012,0.235000000000582,3.69799999999941,2.10300000000007,0.713634172117581,8,16,40000,0.5,"Picea",5,35000
"161",6.21399999999994,0.0950000000002547,3.43900000000031,2.5630000000001,0.718347562346624,1,4,30000,0.5,"Picea",5,35000
"162",5.74900000000071,0.0619999999998981,3.23500000000058,2.375,0.707613895932015,1,4,30000,0.5,"Picea",5,35000
"163",6.13799999999992,0.222000000000662,3.71099999999933,2.10500000000047,0.715809328960045,8,16,40000,0.5,"Picea",5,35000
"164",5.5630000000001,0.0630000000001019,3.26500000000033,2.15799999999945,0.715940215312312,1,4,30000,0.5,"Picea",5,35000
"165",6.0019999999995,0.0829999999996289,3.70200000000023,2.11599999999999,0.710638258673186,8,16,40000,0.5,"Picea",5,35000
"166",5.91399999999976,0.0830000000005384,3.41499999999996,2.32399999999961,0.716131085903522,1,4,40000,0.5,"Picea",5,35000
"167",6.13699999999972,0.234000000000378,3.70199999999932,2.10000000000036,0.718672462587567,8,16,40000,0.5,"Picea",5,35000
"168",6.23300000000017,0.271999999999935,3.28300000000036,2.53200000000015,0.715551085234926,1,4,40000,0.5,"Picea",5,35000
"169",6.13600000000042,0.234999999999673,3.66499999999996,2.13500000000022,0.705470819082697,8,16,40000,0.5,"Picea",5,35000
"170",6.0600000000004,0.0839999999998327,3.25900000000001,2.6239999999998,0.71526574907564,1,4,40000,0.5,"Picea",5,35000
"171",6.20400000000063,0.228000000000065,3.75900000000001,2.11500000000069,0.720470779069271,8,16,40000,0.5,"Picea",5,35000
"172",5.66799999999967,0.239000000000487,3.23700000000008,2.09799999999996,0.71402678513461,1,4,40000,0.5,"Picea",5,35000
"173",6.06099999999969,0.229000000000269,3.63499999999931,2.09799999999996,0.71367389230818,8,16,40000,0.5,"Picea",5,35000
"174",5.73900000000049,0.201999999999316,3.31700000000001,2.1260000000002,0.718835009192538,1,4,40000,0.5,"Picea",5,35000
"175",5.88799999999992,0.0749999999998181,3.6230000000005,2.08699999999953,0.710061458097885,8,16,40000,0.5,"Picea",5,35000
"176",5.49200000000019,0.0800000000008367,3.17599999999948,2.14300000000003,0.716843679443594,1,4,40000,0.5,"Picea",5,35000
"177",6.13599999999951,0.227999999999156,3.68000000000029,2.12899999999991,0.714707080432529,8,16,50000,0.5,"Picea",5,35000
"178",6.43599999999969,0.211999999999534,3.18100000000049,2.94899999999961,0.717254061811473,1,4,40000,0.5,"Picea",5,35000
"179",6.31700000000001,0.233000000000175,3.70899999999983,2.27300000000014,0.718520850897283,8,16,50000,0.5,"Picea",5,35000
"180",5.85199999999986,0.0929999999998472,3.2489999999998,2.38700000000063,0.705860863891058,1,4,40000,0.5,"Picea",5,35000
"181",5.98100000000068,0.0809999999992215,3.70000000000073,2.10199999999986,0.725557780034674,8,16,50000,0.5,"Picea",5,35000
"182",6.34000000000015,0.220000000000255,3.3769999999995,2.64699999999993,0.718216605222529,1,4,40000,0.5,"Picea",5,35000
"183",6.09600000000046,0.226000000000568,3.67099999999937,2.10000000000036,0.709226090728331,8,16,50000,0.5,"Picea",5,35000
"184",5.70299999999952,0.208000000000538,3.28600000000006,2.11699999999928,0.712859951471651,1,4,40000,0.5,"Picea",5,35000
"185",6.20000000000073,0.231999999999971,3.72299999999996,2.14500000000044,0.718911821174305,8,16,50000,0.5,"Picea",5,35000
"186",5.6260000000002,0.0820000000003347,3.3149999999996,2.13500000000022,0.711721455565243,1,4,50000,0.5,"Picea",5,35000
"187",6.17600000000039,0.230000000000473,3.71900000000005,2.125,0.715156040697939,8,16,50000,0.5,"Picea",5,35000
"188",5.44999999999982,0.0839999999998327,3.17299999999977,2.10100000000057,0.716981293191739,1,4,50000,0.5,"Picea",5,35000
"189",6.15800000000036,0.229999999999563,3.71999999999935,2.10700000000088,0.71078157997359,8,16,50000,0.5,"Picea",5,35000
"190",5.60099999999966,0.203000000000429,3.14499999999953,2.15800000000036,0.715142342334763,1,4,50000,0.5,"Picea",5,35000
"191",6.04700000000048,0.0799999999999272,3.77500000000055,2.08899999999994,0.708556587135064,8,16,50000,0.5,"Picea",5,35000
"192",5.6909999999998,0.201000000000022,3.21599999999944,2.18100000000049,0.720135687959082,1,4,50000,0.5,"Picea",5,35000
"193",6.14100000000053,0.225000000000364,3.73400000000038,2.08500000000004,0.711366850177616,8,16,50000,0.5,"Picea",5,35000
"194",5.89800000000014,0.0859999999993306,3.19800000000032,2.52000000000044,0.715045492866762,1,4,50000,0.5,"Picea",5,35000
"195",6.20200000000023,0.228000000000065,3.75699999999961,2.11800000000039,0.718591860855344,8,16,50000,0.5,"Picea",5,35000
"196",5.44400000000041,0.0789999999997235,3.17600000000039,2.09500000000025,0.719140965485091,1,4,50000,0.5,"Picea",5,35000
"197",6.20699999999943,0.0809999999992215,3.24600000000009,2.77300000000014,0.707603481938241,1,4,50000,0.5,"Picea",5,35000
"198",5.98499999999967,0.0799999999999272,3.38500000000022,2.42699999999968,0.708866859935384,1,4,50000,0.5,"Picea",5,35000
"199",6.26499999999942,0.0829999999996289,3.16600000000017,2.92699999999968,0.712465709977888,1,4,50000,0.5,"Picea",5,35000
"200",6.14800000000014,0.0820000000003347,3.52800000000025,2.40999999999985,0.722377892981902,1,4,50000,0.5,"Picea",5,35000
"201",5.01999999999998,0.0199999999999818,2.90899999999999,2.04700000000003,0.705421156902445,8,16,10000,0.5,"Picea",5,35000
"202",5.19099999999992,0.0220000000000482,2.97199999999998,2.15499999999997,0.704832678601508,8,16,10000,0.5,"Picea",5,35000
"203",5.197,0.0179999999999154,3.11800000000005,2.01499999999999,0.721969575572644,8,16,10000,0.5,"Picea",5,35000
"204",5.08100000000002,0.0190000000000055,2.95600000000002,2.06100000000004,0.717267170893615,8,16,10000,0.5,"Picea",5,35000
"205",5.17900000000009,0.0190000000000055,3.01400000000001,2.101,0.707579430569977,8,16,10000,0.5,"Picea",5,35000
"206",5.226,0.0190000000000055,3.10200000000009,2.05599999999993,0.709584086358046,8,16,10000,0.5,"Picea",5,35000
"207",6.11900000000003,0.0190000000000055,3.69000000000005,2.36500000000001,0.713863649868261,8,16,10000,0.5,"Picea",5,35000
"208",6.46499999999992,0.0210000000000719,4.0089999999999,2.37900000000002,0.722577294576112,8,16,10000,0.5,"Picea",5,35000
"209",6.42399999999998,0.0230000000000246,3.95600000000002,2.38499999999999,0.710033494943176,8,16,10000,0.5,"Picea",5,35000
"210",6.28800000000001,0.0190000000000055,3.87599999999998,2.33600000000001,0.707273705860025,8,16,10000,0.5,"Picea",5,35000
"211",6.29000000000008,0.0389999999999873,3.90899999999999,2.25700000000006,0.710370711218333,8,16,20000,0.5,"Picea",5,35000
"212",5.40800000000002,0.0400000000000773,3.06799999999998,2.24400000000003,0.720918908845957,8,16,20000,0.5,"Picea",5,35000
"213",5.24900000000002,0.0399999999999636,2.97699999999998,2.17600000000004,0.724511650315921,8,16,20000,0.5,"Picea",5,35000
"214",5.11900000000003,0.0480000000000018,2.94200000000001,2.053,0.713485855082359,8,16,20000,0.5,"Picea",5,35000
"215",5.11799999999994,0.0389999999999873,2.96199999999999,2.06200000000001,0.711738325096399,8,16,20000,0.5,"Picea",5,35000
"216",5.197,0.0399999999999636,3.02700000000004,2.07399999999996,0.710213834161201,8,16,20000,0.5,"Picea",5,35000
"217",5.06499999999994,0.0389999999999873,2.94100000000003,2.029,0.717889881655307,8,16,20000,0.5,"Picea",5,35000
"218",5.27599999999995,0.0350000000000819,3.13099999999997,2.04999999999995,0.713436728461844,8,16,20000,0.5,"Picea",5,35000
"219",5.101,0.0399999999999636,2.96299999999997,2.04200000000003,0.722738999577519,8,16,20000,0.5,"Picea",5,35000
"220",5.12599999999998,0.0419999999999163,2.98099999999999,2.04700000000003,0.715560205315984,8,16,20000,0.5,"Picea",5,35000
"221",5.21399999999994,0.0559999999999263,2.98800000000006,2.09899999999993,0.70954115043485,8,16,30000,0.5,"Picea",5,35000
"222",5.22699999999998,0.0570000000000164,3.02699999999993,2.06700000000001,0.707541812352523,8,16,30000,0.5,"Picea",5,35000
"223",5.29700000000003,0.0579999999999927,3.11099999999999,2.05200000000002,0.71283244819428,8,16,30000,0.5,"Picea",5,35000
"224",5.20600000000002,0.0550000000000637,3.03099999999995,2.04600000000005,0.721735592251751,8,16,30000,0.5,"Picea",5,35000
"225",5.13900000000001,0.0579999999999927,2.97900000000004,2.02199999999993,0.712525380237109,8,16,30000,0.5,"Picea",5,35000
"226",5.12199999999996,0.05600000000004,2.971,2.02199999999993,0.717645871086974,8,16,30000,0.5,"Picea",5,35000
"227",5.221,0.0559999999999263,3.01700000000005,2.07399999999996,0.712641248637564,8,16,30000,0.5,"Picea",5,35000
"228",5.27599999999995,0.0570000000000164,3.0619999999999,2.08000000000004,0.70639643722867,8,16,30000,0.5,"Picea",5,35000
"229",5.197,0.0590000000000828,3.02099999999996,2.03899999999999,0.720259415727746,8,16,30000,0.5,"Picea",5,35000
"230",5.202,0.0569999999999027,3.00900000000001,2.06100000000004,0.710577052209461,8,16,30000,0.5,"Picea",5,35000
"231",5.49599999999998,0.201999999999998,3.10800000000006,2.09699999999998,0.717869697168184,8,16,40000,0.5,"Picea",5,35000
"232",5.33399999999995,0.0730000000000928,3.08699999999999,2.07899999999995,0.712325649313892,8,16,40000,0.5,"Picea",5,35000
"233",5.30799999999999,0.0800000000000409,3.05100000000004,2.07799999999997,0.715823648004721,8,16,40000,0.5,"Picea",5,35000
"234",5.72299999999996,0.0729999999999791,3.32000000000005,2.23699999999997,0.715511126834398,8,16,40000,0.5,"Picea",5,35000
"235",5.71899999999994,0.0750000000000455,3.13599999999997,2.41300000000001,0.719879520160856,8,16,40000,0.5,"Picea",5,35000
"236",5.76900000000001,0.19500000000005,3.41099999999994,2.07000000000005,0.714796327668179,8,16,40000,0.5,"Picea",5,35000
"237",5.43999999999994,0.121999999999957,3.09299999999996,2.072,0.711183334810577,8,16,40000,0.5,"Picea",5,35000
"238",5.28700000000003,0.0729999999999791,3.06399999999996,2.05200000000002,0.716721143742388,8,16,40000,0.5,"Picea",5,35000
"239",5.26800000000003,0.0729999999999791,3.05399999999997,2.04900000000009,0.72359108301183,8,16,40000,0.5,"Picea",5,35000
"240",5.32799999999997,0.194000000000074,2.99699999999996,2.04399999999998,0.703233617767897,8,16,40000,0.5,"Picea",5,35000
"241",5.28300000000002,0.0760000000000218,3.06999999999994,2.04300000000001,0.717556242054968,8,16,50000,0.5,"Picea",5,35000
"242",5.23599999999999,0.0729999999999791,3.03599999999994,2.03600000000006,0.710955722614499,8,16,50000,0.5,"Picea",5,35000
"243",5.29300000000001,0.0720000000000027,3.05099999999993,2.077,0.71608426968757,8,16,50000,0.5,"Picea",5,35000
"244",5.38200000000006,0.0750000000000455,3.09699999999998,2.11400000000003,0.712649449074763,8,16,50000,0.5,"Picea",5,35000
"245",5.42699999999991,0.19399999999996,3.08300000000008,2.0569999999999,0.71566752776664,8,16,50000,0.5,"Picea",5,35000
"246",5.44500000000005,0.0729999999999791,3.20400000000006,2.07600000000002,0.7125898972405,8,16,50000,0.5,"Picea",5,35000
"247",5.37700000000007,0.0740000000000691,3.14099999999996,2.06700000000001,0.709549239784836,8,16,50000,0.5,"Picea",5,35000
"248",5.27500000000009,0.0730000000000928,3.04099999999994,2.06900000000007,0.716936108019132,8,16,50000,0.5,"Picea",5,35000
"249",5.76400000000001,0.201000000000022,3.10899999999992,2.36000000000001,0.708826605605609,8,16,50000,0.5,"Picea",5,35000
"250",5.50900000000001,0.0769999999999982,3.12200000000007,2.21699999999998,0.710457449992762,8,16,50000,0.5,"Picea",5,35000
"251",5.23999999999069,0,3.18000000005122,2.02999999996973,0.692489774238874,8,16,100,0.5,"Picea",5,35000
"252",5.23999999999069,0.0199999999604188,3.17999999999302,2.03000000002794,0.665425383843713,8,16,100,0.5,"Picea",5,35000
"253",5.23999999999069,0.0200000000186265,3.17999999999302,2.03000000002794,0.69243819704173,8,16,100,0.5,"Picea",5,35000
"254",5.22000000003027,0,3.19000000000233,2.02000000001863,0.706423474380505,8,16,100,0.5,"Picea",5,35000
"255",5.23000000003958,0.0100000000093132,3.1699999999837,2.03000000002794,0.644861254904158,8,16,100,0.5,"Picea",5,35000
"256",5.23999999999069,0,3.19000000000233,2.03999999997905,0.626074421895728,8,16,100,0.5,"Picea",5,35000
"257",5.25,0,3.17999999999302,2.02999999996973,0.700969061381831,8,16,100,0.5,"Picea",5,35000
"258",5.22999999998137,0.0100000000093132,3.19000000000233,2.00999999995111,0.683083942786078,8,16,100,0.5,"Picea",5,35000
"259",5.23999999999069,0,3.20000000001164,2.02999999996973,0.70615205152869,8,16,100,0.5,"Picea",5,35000
"260",5.19999999995343,0,3.20000000001164,1.97999999998137,0.724322386643777,8,16,100,0.5,"Picea",5,35000
"261",5.21999999997206,0,3.19000000000233,2.01999999996042,0.68795375493711,8,16,500,0.5,"Picea",5,35000
"262",5.22999999998137,0.0100000000093132,3.17999999999302,2.01999999996042,0.699468371433749,8,16,500,0.5,"Picea",5,35000
"263",5.21000000002095,0,3.17999999999302,2.02000000001863,0.707971561288781,8,16,500,0.5,"Picea",5,35000
"264",5.22000000003027,0,3.20000000001164,2.01000000000931,0.696049729368914,8,16,500,0.5,"Picea",5,35000
"265",5.21999999997206,0,3.20000000001164,2.00999999995111,0.711035478162231,8,16,500,0.5,"Picea",5,35000
"266",5.22000000003027,0,3.17999999999302,2.01000000000931,0.711979888840479,8,16,500,0.5,"Picea",5,35000
"267",5.22999999998137,0,3.20000000001164,2.00999999995111,0.710998953001406,8,16,500,0.5,"Picea",5,35000
"268",5.22000000003027,0,3.17999999999302,2.01000000000931,0.717084065898118,8,16,500,0.5,"Picea",5,35000
"269",5.21000000002095,0,3.17999999999302,2.01000000000931,0.719439641055872,8,16,500,0.5,"Picea",5,35000
"270",5.22000000003027,0,3.20000000001164,2.01000000000931,0.706920378151315,8,16,500,0.5,"Picea",5,35000
"271",5.22999999998137,0,3.20000000001164,2.00999999995111,0.715701789002894,8,16,1000,0.5,"Picea",5,35000
"272",5.22999999998137,0,3.19000000000233,2.01999999996042,0.710423836186556,8,16,1000,0.5,"Picea",5,35000
"273",5.21999999997206,0,3.19999999995343,2.01000000000931,0.712714842417721,8,16,1000,0.5,"Picea",5,35000
"274",5.25,0,3.19000000000233,2.02000000001863,0.703485386849299,8,16,1000,0.5,"Picea",5,35000
"275",5.22000000003027,0,3.20000000001164,2.01000000000931,0.727514458491658,8,16,1000,0.5,"Picea",5,35000
"276",5.23000000003958,0,3.20000000001164,2.01000000000931,0.719220532821286,8,16,1000,0.5,"Picea",5,35000
"277",5.21000000002095,0,3.17999999999302,2.01000000000931,0.703673147308015,8,16,1000,0.5,"Picea",5,35000
"278",5.21000000002095,0.0100000000093132,3.1699999999837,2.01000000000931,0.723602176525102,8,16,1000,0.5,"Picea",5,35000
"279",5.21999999997206,0,3.17999999999302,2.02000000001863,0.716934737581587,8,16,1000,0.5,"Picea",5,35000
"280",5.21999999997206,0,3.17999999999302,2.03000000002794,0.713847759574115,8,16,1000,0.5,"Picea",5,35000
"281",5.22999999998137,0.0100000000093132,3.20000000001164,2,0.719266498503093,8,16,2000,0.5,"Picea",5,35000
"282",5.24000000004889,0,3.20000000001164,2.01000000000931,0.713320780406557,8,16,2000,0.5,"Picea",5,35000
"283",5.23999999999069,0,3.20000000001164,2.00999999995111,0.717968433683109,8,16,2000,0.5,"Picea",5,35000
"284",5.22999999998137,0,3.19000000000233,2.01999999996042,0.708687161894709,8,16,2000,0.5,"Picea",5,35000
"285",5.26000000000931,0,3.20000000001164,2.03000000002794,0.714737508265364,8,16,2000,0.5,"Picea",5,35000
"286",5.24000000004889,0,3.20000000001164,2.01000000000931,0.729489936858721,8,16,2000,0.5,"Picea",5,35000
"287",5.25,0,3.19999999995343,2.02000000001863,0.708611553545504,8,16,2000,0.5,"Picea",5,35000
"288",5.21999999997206,0,3.20000000001164,2.01000000000931,0.712245594532215,8,16,2000,0.5,"Picea",5,35000
"289",5.25,0.0100000000093132,3.20000000001164,2.02000000001863,0.707813979083716,8,16,2000,0.5,"Picea",5,35000
"290",5.22999999998137,0.00999999995110556,3.19000000000233,2.01000000000931,0.710088448353739,8,16,2000,0.5,"Picea",5,35000
"291",5.26999999996042,0.0200000000186265,3.21000000002095,2.00999999995111,0.720237286355268,8,16,5000,0.5,"Picea",5,35000
"292",5.26000000000931,0,3.21999999997206,2.01000000000931,0.719927188621356,8,16,5000,0.5,"Picea",5,35000
"293",5.27000000001863,0,3.21999999997206,2.02000000001863,0.724717423134011,8,16,5000,0.5,"Picea",5,35000
"294",5.26999999996042,0.0200000000186265,3.21000000002095,2.00999999995111,0.711780581090832,8,16,5000,0.5,"Picea",5,35000
"295",5.26000000000931,0,3.21000000002095,2.01000000000931,0.706553582137935,8,16,5000,0.5,"Picea",5,35000
"296",5.28000000002794,0,3.21999999997206,2.03000000002794,0.718740656075139,8,16,5000,0.5,"Picea",5,35000
"297",5.26999999996042,0.0200000000186265,3.20999999996275,2.01000000000931,0.710205942750298,8,16,5000,0.5,"Picea",5,35000
"298",5.27999999996973,0.0100000000093132,3.22000000003027,2.01999999996042,0.713251235953398,8,16,5000,0.5,"Picea",5,35000
"299",5.27999999996973,0.0100000000093132,3.20000000001164,2.02999999996973,0.706463434773241,8,16,5000,0.5,"Picea",5,35000
"300",5.26999999996042,0,3.23000000003958,2.00999999995111,0.722123191229317,8,16,5000,0.5,"Picea",5,35000
"301",5.32000000000698,0.0200000000186265,3.21999999997206,2.03000000002794,0.712643218310398,8,16,10000,0.5,"Picea",5,35000
"302",5.32000000000698,0.0100000000093132,3.22999999998137,2.03000000002794,0.70545739755374,8,16,10000,0.5,"Picea",5,35000
"303",5.32000000000698,0.00999999995110556,3.23000000003958,2.02999999996973,0.706663653953309,8,16,10000,0.5,"Picea",5,35000
"304",5.30999999999767,0.0100000000093132,3.21999999997206,2.03000000002794,0.713616285242041,8,16,10000,0.5,"Picea",5,35000
"305",5.32000000000698,0.029999999969732,3.23000000003958,2.01999999996042,0.726194968689548,8,16,10000,0.5,"Picea",5,35000
"306",5.32000000000698,0.0200000000186265,3.22999999998137,2.03000000002794,0.712674944456073,8,16,10000,0.5,"Picea",5,35000
"307",5.31999999994878,0.029999999969732,3.23000000003958,2.00999999995111,0.714501651519142,8,16,10000,0.5,"Picea",5,35000
"308",5.32000000000698,0.0200000000186265,3.21999999997206,2.03000000002794,0.702786263920753,8,16,10000,0.5,"Picea",5,35000
"309",5.32000000000698,0.029999999969732,3.23000000003958,2.01999999996042,0.712089209819551,8,16,10000,0.5,"Picea",5,35000
"310",5.32000000000698,0.0200000000186265,3.22999999998137,2.02000000001863,0.712096207730429,8,16,10000,0.5,"Picea",5,35000
"311",5.38000000000466,0.0300000000279397,3.25999999995111,2.03000000002794,0.714996110043998,8,16,20000,0.5,"Picea",5,35000
"312",5.4100000000326,0.0500000000465661,3.25999999995111,2.04000000003725,0.708822636948478,8,16,20000,0.5,"Picea",5,35000
"313",5.42000000004191,0.0300000000279397,3.28999999997905,2.03000000002794,0.706474917477921,8,16,20000,0.5,"Picea",5,35000
"314",5.4100000000326,0.029999999969732,3.27000000001863,2.03000000002794,0.711610833613404,8,16,20000,0.5,"Picea",5,35000
"315",5.4199999999837,0.0499999999883585,3.28000000002794,2.02999999996973,0.711429819437359,8,16,20000,0.5,"Picea",5,35000
"316",5.40999999997439,0.0399999999790452,3.27000000001863,2.02999999996973,0.706297740903726,8,16,20000,0.5,"Picea",5,35000
"317",5.39999999996508,0.029999999969732,3.28000000002794,2.02999999996973,0.707657988130939,8,16,20000,0.5,"Picea",5,35000
"318",5.40999999997439,0.0499999999883585,3.28000000002794,2.01999999996042,0.717348133283164,8,16,20000,0.5,"Picea",5,35000
"319",5.4199999999837,0.029999999969732,3.27000000001863,2.04999999998836,0.712740178235635,8,16,20000,0.5,"Picea",5,35000
"320",5.40999999997439,0.029999999969732,3.28000000002794,2.03999999997905,0.708319390541825,8,16,20000,0.5,"Picea",5,35000
"321",6.256,0.0310000000000059,3.81899999999999,2.15600000000001,0.505352691811409,1,3.75,1000,0.5,"Picea",1,35000
"322",6.13900000000001,0.0199999999999818,3.90400000000002,2.172,0.5,1,3.75,2000,0.5,"Picea",1,35000
"323",6.04499999999999,0.025999999999982,3.762,2.209,0.519754834075787,1,3.75,3000,0.5,"Picea",1,35000
"324",6.15700000000001,0.025999999999982,3.90700000000001,2.173,0.501703217894956,1,3.75,4000,0.5,"Picea",1,35000
"325",6.21100000000001,0.0289999999999964,3.81100000000001,2.31900000000002,0.531326719749289,1,3.75,5000,0.5,"Picea",1,35000
"326",6.227,0.0390000000000157,3.96199999999999,2.16900000000001,0.5,1,3.75,6000,0.5,"Picea",1,35000
"327",6.137,0.0349999999999966,3.88300000000001,2.15600000000001,0.5,1,3.75,7000,0.5,"Picea",1,35000
"328",6.184,0.0389999999999873,3.91,2.167,0.505920205476794,1,3.75,8000,0.5,"Picea",1,35000
"329",6.399,0.0500000000000114,3.898,2.381,0.504711104732241,1,3.75,9000,0.5,"Picea",1,35000
"330",6.49599999999998,0.0519999999999925,4.08700000000002,2.27999999999997,0.514512610406407,1,3.75,10000,0.5,"Picea",1,35000
"331",6.21299999999997,0.049000000000035,3.90600000000001,2.16799999999995,0.5,1,3.75,11000,0.5,"Picea",1,35000
"332",6.036,0.0180000000000291,3.67500000000001,2.31399999999996,0.506109578440027,1,3.75,1000,0.5,"Picea",2,35000
"333",6.18000000000001,0.0289999999999964,3.96500000000003,2.14400000000001,0.522492799642932,1,3.75,2000,0.5,"Picea",2,35000
"334",6.30799999999999,0.0229999999999677,4.05200000000002,2.19099999999997,0.5,1,3.75,3000,0.5,"Picea",2,35000
"335",6.52600000000001,0.02800000000002,4.19400000000002,2.24700000000001,0.512010807900321,1,3.75,4000,0.5,"Picea",2,35000
"336",6.32199999999995,0.0330000000000155,4.06299999999999,2.166,0.507824520819564,1,3.75,5000,0.5,"Picea",2,35000
"337",6.10599999999999,0.0339999999999918,3.85399999999998,2.16000000000003,0.525915377061464,1,3.75,6000,0.5,"Picea",2,35000
"338",6.14600000000002,0.0369999999999777,3.89700000000005,2.154,0.520215825595895,1,3.75,7000,0.5,"Picea",2,35000
"339",6.50200000000001,0.0379999999999541,4.178,2.21900000000005,0.512870567158991,1,3.75,8000,0.5,"Picea",2,35000
"340",6.53999999999996,0.0469999999999686,4.04300000000001,2.38299999999998,0.508160932388503,1,3.75,9000,0.5,"Picea",2,35000
"341",6.185,0.0540000000000305,3.89799999999997,2.16200000000003,0.50589099880579,1,3.75,10000,0.5,"Picea",2,35000
"342",6.40100000000001,0.0470000000000255,3.99299999999999,2.28100000000001,0.500281505004831,1,3.75,11000,0.5,"Picea",2,35000
"343",5.971,0.0200000000000387,3.68599999999998,2.23599999999999,0.593736151051227,1,3.75,1000,0.5,"Picea",3,35000
"344",6.26900000000001,0.0249999999999773,3.99600000000004,2.19900000000001,0.623466961234848,1,3.75,2000,0.5,"Picea",3,35000
"345",6.29300000000001,0.0449999999999591,3.96000000000004,2.21299999999997,0.593585838730423,1,3.75,3000,0.5,"Picea",3,35000
"346",6.18099999999998,0.0380000000000109,3.88400000000001,2.20099999999996,0.603911110494805,1,3.75,4000,0.5,"Picea",3,35000
"347",6.39100000000002,0.0330000000000155,3.90799999999996,2.39000000000004,0.590840963095319,1,3.75,5000,0.5,"Picea",3,35000
"348",6.12299999999999,0.0349999999999682,3.84500000000003,2.18899999999996,0.605998340813363,1,3.75,6000,0.5,"Picea",3,35000
"349",6.24000000000001,0.0380000000000109,3.87699999999995,2.26600000000002,0.598504916187131,1,3.75,7000,0.5,"Picea",3,35000
"350",6.22900000000004,0.0520000000000209,3.92499999999995,2.18100000000004,0.600452324919965,1,3.75,8000,0.5,"Picea",3,35000
"351",6.27299999999997,0.0529999999999973,3.95699999999999,2.19400000000002,0.593568650236504,1,3.75,9000,0.5,"Picea",3,35000
"352",6.21199999999999,0.0470000000000255,3.86699999999996,2.221,0.599270170342108,1,3.75,10000,0.5,"Picea",3,35000
"353",6.46000000000004,0.0510000000000446,4.06999999999994,2.26100000000008,0.604678999523915,1,3.75,11000,0.5,"Picea",3,35000
"354",6.02200000000005,0.0230000000000246,3.62099999999998,2.346,0.672089958313399,1,3.75,1000,0.5,"Picea",4,35000
"355",6.19900000000007,0.0249999999999773,3.93899999999996,2.19500000000005,0.670736891113381,1,3.75,2000,0.5,"Picea",4,35000
"356",6.11199999999997,0.0259999999999536,3.84100000000001,2.18299999999999,0.682329725409629,1,3.75,3000,0.5,"Picea",4,35000
"357",6.28800000000001,0.0359999999999445,3.93900000000008,2.25999999999999,0.67429144213237,1,3.75,4000,0.5,"Picea",4,35000
"358",6.21400000000006,0.0380000000000109,3.82299999999998,2.29300000000001,0.677667588961812,1,3.75,5000,0.5,"Picea",4,35000
"359",6.28700000000003,0.0370000000000346,3.97400000000005,2.22199999999998,0.670156517499628,1,3.75,6000,0.5,"Picea",4,35000
"360",6.43899999999996,0.0460000000000491,4.048,2.28300000000002,0.683616544041331,1,3.75,7000,0.5,"Picea",4,35000
"361",6.31799999999998,0.0539999999999736,3.90499999999997,2.28600000000006,0.665727204074631,1,3.75,8000,0.5,"Picea",4,35000
"362",6.25999999999999,0.0499999999999545,3.86300000000006,2.27199999999993,0.678245379769446,1,3.75,9000,0.5,"Picea",4,35000
"363",6.35899999999992,0.0579999999999927,3.9849999999999,2.24000000000001,0.6740497260811,1,3.75,10000,0.5,"Picea",4,35000
"364",6.4860000000001,0.0590000000000828,3.81399999999996,2.52700000000004,0.675043764780211,1,3.75,11000,0.5,"Picea",4,35000
"365",6.22000000000003,0.0220000000000482,3.91099999999994,2.25900000000001,0.71076513951954,1,3.75,1000,0.5,"Picea",5,35000
"366",6.19500000000005,0.0339999999999918,3.82400000000007,2.29300000000001,0.723985971705506,1,3.75,2000,0.5,"Picea",5,35000
"367",6.226,0.0339999999999918,3.90999999999997,2.22699999999998,0.705889611454178,1,3.75,3000,0.5,"Picea",5,35000
"368",6.32899999999995,0.0329999999999018,4.00100000000009,2.24199999999996,0.712485058738341,1,3.75,4000,0.5,"Picea",5,35000
"369",6.25200000000007,0.0370000000000346,3.86599999999999,2.29200000000003,0.716536294478866,1,3.75,5000,0.5,"Picea",5,35000
"370",6.11000000000001,0.0379999999998972,3.79600000000005,2.21900000000005,0.719384231329311,1,3.75,6000,0.5,"Picea",5,35000
"371",6.39700000000005,0.0430000000000064,4.04399999999998,2.24900000000002,0.710642873880178,1,3.75,7000,0.5,"Picea",5,35000
"372",6.154,0.0520000000000209,3.82299999999998,2.21600000000001,0.717647453402172,1,3.75,8000,0.5,"Picea",5,35000
"373",6.31200000000001,0.0489999999999782,3.95900000000006,2.22699999999998,0.713871286159675,1,3.75,9000,0.5,"Picea",5,35000
"374",6.36800000000005,0.0539999999999736,3.96100000000001,2.27100000000007,0.703611044886105,1,3.75,10000,0.5,"Picea",5,35000
"375",6.28800000000001,0.0579999999999927,3.85900000000004,2.28300000000002,0.716039550148418,1,3.75,11000,0.5,"Picea",5,35000
"376",6.13599999999997,0.0190000000000055,3.92899999999997,2.15200000000004,0.510804372227853,1,3.75,1000,0.5,"Picea",1,35000
"377",6.20000000000005,0.0320000000000391,3.90300000000002,2.22400000000005,0.516673879147811,1,3.75,2000,0.5,"Picea",1,35000
"378",6.16000000000008,0.0230000000000246,3.95900000000006,2.13,0.508171590049124,1,3.75,3000,0.5,"Picea",1,35000
"379",6.08100000000002,0.0260000000000673,3.84699999999998,2.15300000000002,0.504854350502918,1,3.75,4000,0.5,"Picea",1,35000
"380",6.08400000000006,0.0300000000000864,3.851,2.14800000000002,0.526498005568697,1,3.75,5000,0.5,"Picea",1,35000
"381",6.04500000000007,0.0309999999999491,3.81200000000001,2.14200000000005,0.504483496044231,1,3.75,6000,0.5,"Picea",1,35000
"382",6.26099999999997,0.0329999999999018,3.80500000000006,2.36099999999999,0.5,1,3.75,7000,0.5,"Picea",1,35000
"383",6.14699999999993,0.0369999999999209,3.88999999999999,2.15800000000002,0.506687758565649,1,3.75,8000,0.5,"Picea",1,35000
"384",6.42899999999997,0.0469999999999118,3.97500000000002,2.33799999999997,0.500978690421606,1,3.75,9000,0.5,"Picea",1,35000
"385",6.14700000000005,0.0489999999999782,3.87200000000007,2.15599999999995,0.5,1,3.75,10000,0.5,"Picea",1,35000
"386",6.19299999999998,0.053000000000111,3.8649999999999,2.20100000000002,0.5,1,3.75,11000,0.5,"Picea",1,35000
"387",6.07000000000005,0.0190000000000055,3.85199999999998,2.16800000000001,0.538269520983298,1,3.75,1000,0.5,"Picea",2,35000
"388",5.96799999999996,0.0250000000000909,3.78899999999999,2.11799999999994,0.5,1,3.75,2000,0.5,"Picea",2,35000
"389",6.65800000000002,0.0260000000000673,3.90699999999993,2.67600000000004,0.521788700334306,1,3.75,3000,0.5,"Picea",2,35000
"390",6.09000000000003,0.0260000000000673,3.8359999999999,2.18000000000006,0.5,1,3.75,4000,0.5,"Picea",2,35000
"391",6.04200000000003,0.0289999999999964,3.78399999999999,2.16500000000008,0.518343372958337,1,3.75,5000,0.5,"Picea",2,35000
"392",6.05200000000002,0.0330000000000155,3.80600000000004,2.14499999999998,0.532895862059141,1,3.75,6000,0.5,"Picea",2,35000
"393",6.0329999999999,0.0359999999999445,3.803,2.13499999999999,0.504015124126005,1,3.75,7000,0.5,"Picea",2,35000
"394",6.1389999999999,0.0449999999998454,3.88499999999999,2.14400000000001,0.514902524642401,1,3.75,8000,0.5,"Picea",2,35000
"395",6.28600000000006,0.0489999999999782,3.86500000000001,2.30500000000006,0.50199204607288,1,3.75,9000,0.5,"Picea",2,35000
"396",6.12400000000002,0.0480000000000018,3.79500000000007,2.20000000000005,0.54674970953372,1,3.75,10000,0.5,"Picea",2,35000
"397",6.13599999999997,0.0509999999999309,3.85100000000011,2.15899999999988,0.500156396621833,1,3.75,11000,0.5,"Picea",2,35000
"398",6.09799999999996,0.0209999999999582,3.84100000000012,2.20499999999993,0.616534268708777,1,3.75,1000,0.5,"Picea",3,35000
"399",6.14499999999998,0.0260000000000673,3.88699999999994,2.18700000000013,0.601910825648962,1,3.75,2000,0.5,"Picea",3,35000
"400",6.15300000000002,0.0270000000000437,3.83699999999999,2.24399999999991,0.588221813943381,1,3.75,3000,0.5,"Picea",3,35000
"401",6.125,0.0319999999999254,3.86400000000003,2.17800000000011,0.594699139770268,1,3.75,4000,0.5,"Picea",3,35000
"402",6.36799999999994,0.0310000000001764,4.10299999999984,2.173,0.614684143458163,1,3.75,5000,0.5,"Picea",3,35000
"403",6.13300000000004,0.0349999999998545,3.87000000000012,2.173,0.596975057562697,1,3.75,6000,0.5,"Picea",3,35000
"404",6.38699999999994,0.0380000000000109,3.971,2.32099999999991,0.590119393031434,1,3.75,7000,0.5,"Picea",3,35000
"405",6.24000000000001,0.0440000000000964,3.88400000000001,2.25,0.59927068336239,1,3.75,8000,0.5,"Picea",3,35000
"406",6.23799999999983,0.0460000000000491,3.93399999999997,2.1869999999999,0.594288169163864,1,3.75,9000,0.5,"Picea",3,35000
"407",6.24199999999996,0.0460000000000491,3.83600000000001,2.28399999999988,0.599171459638607,1,3.75,10000,0.5,"Picea",3,35000
"408",6.47299999999996,0.05600000000004,3.90699999999993,2.41599999999994,0.598331723606647,1,3.75,11000,0.5,"Picea",3,35000
"409",6.02599999999984,0.0230000000001382,3.74299999999994,2.22399999999993,0.674849450554619,1,3.75,1000,0.5,"Picea",4,35000
"410",6.35500000000002,0.0250000000000909,3.92499999999995,2.21599999999989,0.667516530251208,1,3.75,2000,0.5,"Picea",4,35000
"411",6.08899999999994,0.0299999999999727,3.81600000000003,2.19799999999987,0.677795630210548,1,3.75,3000,0.5,"Picea",4,35000
"412",6.10300000000007,0.0319999999999254,3.80199999999991,2.21800000000007,0.673908839583037,1,3.75,4000,0.5,"Picea",4,35000
"413",6.13099999999986,0.0339999999998781,3.86300000000006,2.18200000000002,0.668780348094294,1,3.75,5000,0.5,"Picea",4,35000
"414",6.11599999999999,0.0370000000000346,3.81600000000003,2.202,0.66882293020373,1,3.75,6000,0.5,"Picea",4,35000
"415",6.28099999999995,0.0419999999999163,3.93600000000015,2.24299999999994,0.659837262969978,1,3.75,7000,0.5,"Picea",4,35000
"416",6.25499999999988,0.0529999999998836,3.9190000000001,2.21699999999987,0.665330744014227,1,3.75,8000,0.5,"Picea",4,35000
"417",6.41999999999985,0.0549999999998363,3.85699999999997,2.44100000000003,0.681500041083785,1,3.75,9000,0.5,"Picea",4,35000
"418",6.21199999999999,0.0480000000000018,3.80500000000006,2.28099999999995,0.676679487109293,1,3.75,10000,0.5,"Picea",4,35000
"419",6.25800000000004,0.0539999999998599,3.92100000000005,2.20100000000002,0.684898541590069,1,3.75,11000,0.5,"Picea",4,35000
"420",6.16200000000003,0.0319999999999254,3.90100000000007,2.19699999999989,0.715972635396205,1,3.75,1000,0.5,"Picea",5,35000
"421",6.12099999999987,0.0270000000000437,3.82899999999995,2.22199999999998,0.712037860179862,1,3.75,2000,0.5,"Picea",5,35000
"422",6.31200000000013,0.0299999999999727,4.01099999999997,2.21500000000015,0.711009938932254,1,3.75,3000,0.5,"Picea",5,35000
"423",6.24200000000019,0.0309999999999491,3.88400000000001,2.27600000000007,0.704913009747834,1,3.75,4000,0.5,"Picea",5,35000
"424",6.12000000000012,0.0350000000000819,3.81399999999985,2.21500000000015,0.716995466968886,1,3.75,5000,0.5,"Picea",5,35000
"425",6.18899999999985,0.0389999999999873,3.84099999999989,2.25099999999998,0.717173674659039,1,3.75,6000,0.5,"Picea",5,35000
"426",6.23099999999999,0.04099999999994,3.86899999999991,2.26200000000017,0.714541864172129,1,3.75,7000,0.5,"Picea",5,35000
"427",6.49599999999987,0.053000000000111,4.00999999999999,2.37099999999987,0.717002470353844,1,3.75,8000,0.5,"Picea",5,35000
"428",6.46000000000004,0.0480000000000018,4.03999999999996,2.29899999999998,0.709684706837795,1,3.75,9000,0.5,"Picea",5,35000
"429",6.27099999999996,0.0559999999998126,3.84900000000016,2.28999999999996,0.718822785560935,1,3.75,10000,0.5,"Picea",5,35000
"430",6.21599999999989,0.05600000000004,3.87199999999984,2.21000000000004,0.712803675675657,1,3.75,11000,0.5,"Picea",5,35000
"431",6.15300000000002,0.0229999999999109,3.79300000000012,2.30600000000004,0.546247021445592,1,3.75,1000,0.5,"Picea",1,35000
"432",6.08600000000001,0.0340000000001055,3.87999999999988,2.11699999999996,0.507889138451666,1,3.75,2000,0.5,"Picea",1,35000
"433",6.1690000000001,0.02800000000002,3.92699999999991,2.16800000000012,0.510717931424912,1,3.75,3000,0.5,"Picea",1,35000
"434",6.04100000000017,0.02800000000002,3.81099999999992,2.14500000000021,0.505447789633647,1,3.75,4000,0.5,"Picea",1,35000
"435",6.02400000000011,0.02800000000002,3.79200000000014,2.14699999999993,0.5,1,3.75,5000,0.5,"Picea",1,35000
"436",6.09900000000016,0.0309999999999491,3.82600000000002,2.18200000000002,0.509611368142763,1,3.75,6000,0.5,"Picea",1,35000
"437",6.15900000000011,0.0350000000000819,3.88099999999986,2.17800000000011,0.52879823701747,1,3.75,7000,0.5,"Picea",1,35000
"438",6.22599999999989,0.04099999999994,3.904,2.20499999999993,0.517664580476328,1,3.75,8000,0.5,"Picea",1,35000
"439",6.27999999999997,0.0539999999998599,3.83200000000011,2.31700000000001,0.5,1,3.75,9000,0.5,"Picea",1,35000
"440",6.1909999999998,0.0529999999998836,3.88200000000006,2.17799999999988,0.5,1,3.75,10000,0.5,"Picea",1,35000
"441",6.20499999999993,0.0499999999999545,3.88700000000017,2.18899999999985,0.501666818718938,1,3.75,11000,0.5,"Picea",1,35000
"442",6.1099999999999,0.0190000000000055,3.92699999999991,2.13300000000004,0.505353425538881,1,3.75,1000,0.5,"Picea",2,35000
"443",6.19699999999989,0.0289999999999964,3.95600000000013,2.17699999999991,0.528586340798908,1,3.75,2000,0.5,"Picea",2,35000
"444",6.08400000000006,0.0259999999998399,3.87700000000018,2.13599999999997,0.521528008332764,1,3.75,3000,0.5,"Picea",2,35000
"445",6.03700000000003,0.0260000000000673,3.82099999999991,2.14200000000005,0.5,1,3.75,4000,0.5,"Picea",2,35000
"446",6.17100000000005,0.0289999999999964,3.74500000000012,2.3309999999999,0.521155099768625,1,3.75,5000,0.5,"Picea",2,35000
"447",6.24199999999996,0.0340000000001055,3.96499999999992,2.18299999999999,0.541691293038835,1,3.75,6000,0.5,"Picea",2,35000
"448",6.26300000000015,0.0419999999999163,3.97800000000007,2.17000000000007,0.537134367282912,1,3.75,7000,0.5,"Picea",2,35000
"449",6.05400000000009,0.0420000000001437,3.79999999999995,2.14300000000003,0.504948024132507,1,3.75,8000,0.5,"Picea",2,35000
"450",6.23399999999992,0.0470000000000255,3.96399999999994,2.15499999999997,0.501950524698325,1,3.75,9000,0.5,"Picea",2,35000
"451",6.14400000000001,0.0450000000000728,3.8309999999999,2.18900000000008,0.5373509392576,1,3.75,10000,0.5,"Picea",2,35000
"452",6.15499999999997,0.0489999999999782,3.87099999999987,2.15600000000018,0.524306895373143,1,3.75,11000,0.5,"Picea",2,35000
"453",6.22800000000007,0.0340000000001055,3.96499999999992,2.19499999999994,0.593436581233947,1,3.75,1000,0.5,"Picea",3,35000
"454",6.08400000000006,0.0269999999998163,3.85599999999999,2.16500000000019,0.620108714369504,1,3.75,2000,0.5,"Picea",3,35000
"455",6.07300000000009,0.0289999999999964,3.83400000000006,2.16200000000003,0.606095277719992,1,3.75,3000,0.5,"Picea",3,35000
"456",6.09300000000007,0.0309999999999491,3.81700000000001,2.19100000000003,0.591493831240361,1,3.75,4000,0.5,"Picea",3,35000
"457",6.20699999999988,0.0430000000001201,3.92699999999991,2.18200000000002,0.59718293003997,1,3.75,5000,0.5,"Picea",3,35000
"458",6.17800000000011,0.0380000000000109,3.85799999999995,2.2170000000001,0.59045101262015,1,3.75,6000,0.5,"Picea",3,35000
"459",6.19900000000007,0.0389999999999873,3.91999999999985,2.17900000000009,0.599263694982101,1,3.75,7000,0.5,"Picea",3,35000
"460",6.24199999999996,0.0470000000000255,3.90100000000007,2.23099999999999,0.608416368438155,1,3.75,8000,0.5,"Picea",3,35000
"461",6.346,0.0440000000000964,3.89200000000005,2.33600000000001,0.621654587730444,1,3.75,9000,0.5,"Picea",3,35000
"462",6.12599999999998,0.0480000000000018,3.80799999999999,2.1909999999998,0.597700346612532,1,3.75,10000,0.5,"Picea",3,35000
"463",6.279,0.0509999999999309,3.94000000000005,2.20399999999995,0.598539863272306,1,3.75,11000,0.5,"Picea",3,35000
"464",6.04700000000003,0.0220000000001619,3.81799999999998,2.17699999999991,0.649769245845759,1,3.75,1000,0.5,"Picea",4,35000
"465",6.048,0.02800000000002,3.78999999999996,2.19699999999989,0.661658395826029,1,3.75,2000,0.5,"Picea",4,35000
"466",6.04599999999982,0.0350000000000819,3.7639999999999,2.19200000000001,0.675735025867109,1,3.75,3000,0.5,"Picea",4,35000
"467",6.10000000000014,0.0319999999999254,3.82500000000005,2.18900000000008,0.671561422942273,1,3.75,4000,0.5,"Picea",4,35000
"468",6.173,0.0380000000000109,3.87899999999991,2.19900000000007,0.654913153113084,1,3.75,5000,0.5,"Picea",4,35000
"469",6.15699999999993,0.0380000000000109,3.87100000000009,2.18999999999983,0.660285465861848,1,3.75,6000,0.5,"Picea",4,35000
"470",6.14900000000011,0.0430000000001201,3.85500000000002,2.19299999999998,0.672500479448511,1,3.75,7000,0.5,"Picea",4,35000
"471",6.12799999999993,0.0519999999999072,3.83200000000011,2.18100000000004,0.673709989337856,1,3.75,8000,0.5,"Picea",4,35000
"472",6.17200000000003,0.0449999999998454,3.827,2.22900000000004,0.684328593644608,1,3.75,9000,0.5,"Picea",4,35000
"473",6.24900000000002,0.0499999999999545,3.90300000000002,2.21499999999992,0.679564451255686,1,3.75,10000,0.5,"Picea",4,35000
"474",6.14599999999996,0.0550000000000637,3.76099999999997,2.24199999999996,0.675028823466323,1,3.75,11000,0.5,"Picea",4,35000
"475",6.42699999999991,0.0299999999999727,3.99300000000017,2.36899999999991,0.716735113008383,1,3.75,1000,0.5,"Picea",5,35000
"476",6.21100000000001,0.0299999999999727,3.92200000000003,2.22199999999998,0.713879808946127,1,3.75,2000,0.5,"Picea",5,35000
"477",6.15200000000004,0.0299999999999727,3.88200000000006,2.19399999999996,0.708015660416237,1,3.75,3000,0.5,"Picea",5,35000
"478",6.32600000000002,0.0329999999999018,3.96099999999979,2.2810000000004,0.71587420808569,1,3.75,4000,0.5,"Picea",5,35000
"479",6.21599999999989,0.0349999999998545,3.92100000000028,2.20899999999983,0.712329509415704,1,3.75,5000,0.5,"Picea",5,35000
"480",6.09500000000025,0.0419999999999163,3.79200000000037,2.20699999999988,0.710539293589703,1,3.75,6000,0.5,"Picea",5,35000
"481",6.14900000000034,0.0440000000003238,3.81999999999971,2.22500000000036,0.707790640755423,1,3.75,7000,0.5,"Picea",5,35000
"482",6.17500000000018,0.0579999999999927,3.81700000000001,2.22899999999981,0.712450353931911,1,3.75,8000,0.5,"Picea",5,35000
"483",6.26600000000008,0.0609999999996944,3.83699999999999,2.29100000000017,0.719324584733786,1,3.75,9000,0.5,"Picea",5,35000
"484",6.26600000000008,0.0579999999999927,3.87199999999984,2.24800000000005,0.713856670399819,1,3.75,10000,0.5,"Picea",5,35000
"485",6.28600000000006,0.0599999999999454,3.82299999999987,2.30299999999988,0.715156449779149,1,3.75,11000,0.5,"Picea",5,35000
"486",6.08800000000019,0.0249999999996362,3.85200000000032,2.17399999999998,0.539945957439486,1,3.75,1000,0.5,"Picea",1,35000
"487",6.0630000000001,0.0249999999996362,3.84900000000016,2.154,0.51059973387958,1,3.75,2000,0.5,"Picea",1,35000
"488",6.11700000000019,0.0239999999998872,3.90300000000025,2.14600000000019,0.5,1,3.75,3000,0.5,"Picea",1,35000
"489",6.14000000000033,0.0249999999996362,3.90800000000036,2.15599999999995,0.512396333861387,1,3.75,4000,0.5,"Picea",1,35000
"490",6.05099999999993,0.0309999999999491,3.80400000000009,2.15999999999985,0.504822116927242,1,3.75,5000,0.5,"Picea",1,35000
"491",6.06700000000001,0.0300000000002001,3.80199999999968,2.17600000000039,0.551763612224058,1,3.75,6000,0.5,"Picea",1,35000
"492",6.14300000000003,0.0360000000000582,3.84999999999991,2.19000000000005,0.5,1,3.75,7000,0.5,"Picea",1,35000
"493",6.12300000000005,0.0380000000000109,3.83800000000019,2.18100000000004,0.507905914829313,1,3.75,8000,0.5,"Picea",1,35000
"494",6.24499999999989,0.0470000000000255,3.94000000000005,2.1869999999999,0.507206626003545,1,3.75,9000,0.5,"Picea",1,35000
"495",6.60100000000011,0.0450000000000728,4.01400000000012,2.471,0.502113674613376,1,3.75,10000,0.5,"Picea",1,35000
"496",6.45899999999983,0.0509999999999309,4.03800000000001,2.27700000000004,0.5,1,3.75,11000,0.5,"Picea",1,35000
"497",6.1579999999999,0.0219999999999345,3.90599999999995,2.19900000000007,0.523591236815266,1,3.75,1000,0.5,"Picea",2,35000
"498",6.03700000000026,0.0279999999997926,3.81500000000005,2.1550000000002,0.542005031010597,1,3.75,2000,0.5,"Picea",2,35000
"499",6.10899999999992,0.0230000000001382,3.73799999999983,2.29700000000003,0.527256818107169,1,3.75,3000,0.5,"Picea",2,35000
"500",6.10200000000032,0.0279999999997926,3.86299999999983,2.1560000000004,0.505213870816578,1,3.75,4000,0.5,"Picea",2,35000
"501",6.2170000000001,0.0369999999998072,3.9380000000001,2.1869999999999,0.513042400917543,1,3.75,5000,0.5,"Picea",2,35000
"502",6.13999999999987,0.0349999999998545,3.85699999999997,2.19000000000005,0.516952086010169,1,3.75,6000,0.5,"Picea",2,35000
"503",6.22800000000007,0.0369999999998072,3.98900000000003,2.14100000000008,0.502629859986936,1,3.75,7000,0.5,"Picea",2,35000
"504",6.11199999999963,0.0369999999998072,3.83300000000008,2.17299999999977,0.515237162303654,1,3.75,8000,0.5,"Picea",2,35000
"505",6.36099999999988,0.0529999999998836,4.00399999999991,2.22299999999996,0.519655549381083,1,3.75,9000,0.5,"Picea",2,35000
"506",6.2489999999998,0.0470000000000255,3.93499999999995,2.1880000000001,0.510699503771585,1,3.75,10000,0.5,"Picea",2,35000
"507",6.36099999999988,0.0510000000003856,4.01499999999987,2.21199999999999,0.517569577103051,1,3.75,11000,0.5,"Picea",2,35000
"508",6.05600000000004,0.0209999999997308,3.82000000000016,2.18200000000024,0.607916023487394,1,3.75,1000,0.5,"Picea",3,35000
"509",6.09199999999964,0.0229999999996835,3.85900000000038,2.16999999999962,0.61043074673422,1,3.75,2000,0.5,"Picea",3,35000
"510",6.06700000000001,0.0250000000000909,3.78099999999995,2.2170000000001,0.595827499793699,1,3.75,3000,0.5,"Picea",3,35000
"511",6.37800000000016,0.0389999999997599,3.91800000000012,2.35500000000002,0.596104461048908,1,3.75,4000,0.5,"Picea",3,35000
"512",6.25099999999975,0.0360000000000582,3.97400000000016,2.18399999999974,0.587536563612185,1,3.75,5000,0.5,"Picea",3,35000
"513",6.11400000000003,0.0399999999999636,3.81500000000005,2.20200000000023,0.620815535965533,1,3.75,6000,0.5,"Picea",3,35000
"514",6.21599999999989,0.0380000000000109,3.9079999999999,2.21100000000024,0.609565461274799,1,3.75,7000,0.5,"Picea",3,35000
"515",6.19799999999987,0.0489999999999782,3.90000000000009,2.18499999999995,0.600201525385964,1,3.75,8000,0.5,"Picea",3,35000
"516",6.20099999999957,0.0470000000000255,3.86999999999989,2.21799999999985,0.599732452705212,1,3.75,9000,0.5,"Picea",3,35000
"517",7.01899999999978,0.0509999999999309,4.11899999999969,2.76200000000017,0.598115569054411,1,3.75,10000,0.5,"Picea",3,35000
"518",6.45299999999997,0.0509999999999309,3.95800000000008,2.36299999999983,0.59685754189333,1,3.75,11000,0.5,"Picea",3,35000
"519",6.05999999999995,0.0219999999999345,3.84900000000016,2.15899999999965,0.68014251801616,1,3.75,1000,0.5,"Picea",4,35000
"520",6.32200000000012,0.0279999999997926,3.91100000000006,2.33899999999994,0.670648104686108,1,3.75,2000,0.5,"Picea",4,35000
"521",6.09099999999989,0.0320000000001528,3.79199999999992,2.22199999999975,0.673545573209133,1,3.75,3000,0.5,"Picea",4,35000
"522",6.16900000000032,0.0320000000001528,3.88499999999976,2.20000000000027,0.676488358663786,1,3.75,4000,0.5,"Picea",4,35000
"523",6.18100000000004,0.0360000000000582,3.86599999999999,2.22200000000021,0.673371393607379,1,3.75,5000,0.5,"Picea",4,35000
"524",6.3130000000001,0.0380000000000109,3.90499999999975,2.31600000000026,0.671140735907251,1,3.75,6000,0.5,"Picea",4,35000
"525",6.26400000000012,0.0409999999997126,3.96100000000024,2.20299999999997,0.686952013673608,1,3.75,7000,0.5,"Picea",4,35000
"526",6.26299999999992,0.043999999999869,3.90700000000015,2.23699999999963,0.66391657788006,1,3.75,8000,0.5,"Picea",4,35000
"527",6.44500000000016,0.0529999999998836,3.99600000000009,2.32200000000012,0.667217272083838,1,3.75,9000,0.5,"Picea",4,35000
"528",6.25300000000016,0.0510000000003856,3.89699999999993,2.22499999999991,0.666546594974853,1,3.75,10000,0.5,"Picea",4,35000
"529",6.21500000000015,0.0630000000001019,3.85099999999966,2.22000000000025,0.672062089552239,1,3.75,11000,0.5,"Picea",4,35000
"530",6.26999999999998,0.0349999999998545,3.97200000000021,2.23000000000002,0.709999736127285,1,3.75,1000,0.5,"Picea",5,35000
"531",6.1840000000002,0.0259999999998399,3.8739999999998,2.24500000000035,0.715620165517886,1,3.75,2000,0.5,"Picea",5,35000
"532",6.13599999999997,0.0280000000002474,3.82399999999961,2.24099999999999,0.717348516956446,1,3.75,3000,0.5,"Picea",5,35000
"533",6.20199999999977,0.0360000000000582,3.87699999999995,2.23900000000003,0.709360094117439,1,3.75,4000,0.5,"Picea",5,35000
"534",6.19699999999966,0.0360000000000582,3.85399999999981,2.25199999999995,0.713653865795607,1,3.75,5000,0.5,"Picea",5,35000
"535",6.39100000000008,0.0380000000000109,4.04799999999977,2.24800000000005,0.718283623419349,1,3.75,6000,0.5,"Picea",5,35000
"536",6.23700000000008,0.0399999999999636,3.87800000000016,2.26200000000017,0.721699436919546,1,3.75,7000,0.5,"Picea",5,35000
"537",6.34699999999975,0.0519999999996799,3.95299999999997,2.27500000000009,0.716120672280651,1,3.75,8000,0.5,"Picea",5,35000
"538",6.22000000000025,0.0489999999999782,3.8449999999998,2.25400000000036,0.715010255469504,1,3.75,9000,0.5,"Picea",5,35000
"539",6.28099999999995,0.0509999999999309,3.88499999999976,2.26800000000003,0.714238171115951,1,3.75,10000,0.5,"Picea",5,35000
"540",6.41699999999992,0.0579999999999927,3.98399999999992,2.29300000000012,0.720531548118057,1,3.75,11000,0.5,"Picea",5,35000
"541",6.05699999999979,0.0219999999999345,3.85000000000036,2.15499999999975,0.535261061694194,1,3.75,1000,0.5,"Picea",1,35000
"542",5.98800000000028,0.0289999999999964,3.79200000000037,2.12899999999991,0.5,1,3.75,2000,0.5,"Picea",1,35000
"543",6.09799999999996,0.0229999999996835,3.85500000000002,2.17200000000003,0.51642328481577,1,3.75,3000,0.5,"Picea",1,35000
"544",6.03800000000001,0.0250000000000909,3.82999999999993,2.13300000000027,0.511859976560511,1,3.75,4000,0.5,"Picea",1,35000
"545",6.44599999999991,0.0270000000000437,4.16799999999967,2.19800000000032,0.5,1,3.75,5000,0.5,"Picea",1,35000
"546",6.15800000000036,0.0309999999999491,3.904,2.16300000000001,0.5,1,3.75,6000,0.5,"Picea",1,35000
"547",6.16700000000037,0.0350000000003092,3.90000000000009,2.16499999999996,0.5,1,3.75,7000,0.5,"Picea",1,35000
"548",6.15299999999979,0.0419999999999163,3.88099999999986,2.16600000000017,0.534969404850429,1,3.75,8000,0.5,"Picea",1,35000
"549",6.17200000000003,0.0479999999997744,3.89200000000028,2.16300000000001,0.504067874488648,1,3.75,9000,0.5,"Picea",1,35000
"550",6.24600000000009,0.0419999999999163,3.95299999999997,2.17000000000007,0.501910796784518,1,3.75,10000,0.5,"Picea",1,35000
"551",6.28200000000015,0.0459999999998217,3.93200000000024,2.2170000000001,0.503323158111635,1,3.75,11000,0.5,"Picea",1,35000
"552",6.06200000000035,0.0210000000001855,3.82999999999993,2.18100000000004,0.520934207327286,1,3.75,1000,0.5,"Picea",2,35000
"553",6.16899999999987,0.0239999999998872,3.80799999999999,2.29300000000012,0.505637084863744,1,3.75,2000,0.5,"Picea",2,35000
"554",6.20699999999988,0.0239999999998872,3.86200000000008,2.27399999999989,0.503819328550684,1,3.75,3000,0.5,"Picea",2,35000
"555",6.17499999999973,0.0270000000000437,3.92700000000013,2.16899999999987,0.527963653145409,1,3.75,4000,0.5,"Picea",2,35000
"556",6.75399999999991,0.043999999999869,4.32099999999991,2.29999999999973,0.508199916587712,1,3.75,5000,0.5,"Picea",2,35000
"557",6.1909999999998,0.0339999999996508,3.91000000000031,2.18799999999965,0.518793580893428,1,3.75,6000,0.5,"Picea",2,35000
"558",6.17599999999993,0.0360000000000582,3.91600000000017,2.16399999999976,0.520195570452444,1,3.75,7000,0.5,"Picea",2,35000
"559",6.13599999999997,0.0370000000002619,3.8739999999998,2.16000000000031,0.53150116103038,1,3.75,8000,0.5,"Picea",2,35000
"560",6.38099999999986,0.0509999999999309,3.91199999999981,2.34799999999996,0.522457667546953,1,3.75,9000,0.5,"Picea",2,35000
"561",6.41600000000017,0.0549999999998363,4.02399999999989,2.22000000000025,0.511283130213087,1,3.75,10000,0.5,"Picea",2,35000
"562",6.20900000000029,0.0529999999998836,3.87300000000005,2.19599999999991,0.53431090143174,1,3.75,11000,0.5,"Picea",2,35000
"563",6.26499999999987,0.0199999999999818,3.89100000000008,2.32299999999987,0.579697551993365,1,3.75,1000,0.5,"Picea",3,35000
"564",6.14799999999968,0.0219999999999345,3.91100000000006,2.16300000000001,0.600671108354523,1,3.75,2000,0.5,"Picea",3,35000
"565",6.64300000000003,0.0250000000000909,4.30400000000009,2.26699999999983,0.605100215886894,1,3.75,3000,0.5,"Picea",3,35000
"566",6.17699999999968,0.0330000000003565,3.89699999999993,2.19299999999976,0.609716525083023,1,3.75,4000,0.5,"Picea",3,35000
"567",6.05200000000013,0.0340000000001055,3.79300000000012,2.16800000000012,0.592298316333622,1,3.75,5000,0.5,"Picea",3,35000
"568",6.10300000000007,0.0349999999998545,3.80400000000009,2.20699999999988,0.614644932306724,1,3.75,6000,0.5,"Picea",3,35000
"569",6.154,0.0370000000002619,3.8779999999997,2.17800000000034,0.599170424084554,1,3.75,7000,0.5,"Picea",3,35000
"570",6.14300000000003,0.0489999999999782,3.79899999999998,2.22800000000007,0.591603296092996,1,3.75,8000,0.5,"Picea",3,35000
"571",6.32399999999961,0.0500000000001819,3.99099999999999,2.21699999999964,0.601977451721888,1,3.75,9000,0.5,"Picea",3,35000
"572",6.20899999999983,0.0479999999997744,3.87100000000009,2.21599999999989,0.594246186948529,1,3.75,10000,0.5,"Picea",3,35000
"573",6.20499999999993,0.0499999999997272,3.88800000000037,2.18799999999965,0.59452832209623,1,3.75,11000,0.5,"Picea",3,35000
"574",5.9079999999999,0.0199999999999818,3.69200000000001,2.16699999999992,0.672506696514414,1,3.75,1000,0.5,"Picea",4,35000
"575",6.0329999999999,0.0259999999998399,3.80400000000009,2.16800000000012,0.669380154457176,1,3.75,2000,0.5,"Picea",4,35000
"576",6.12100000000009,0.0320000000001528,3.84400000000005,2.19599999999991,0.663347110760615,1,3.75,3000,0.5,"Picea",4,35000
"577",6.10399999999981,0.0309999999999491,3.80699999999979,2.21599999999989,0.675224513714472,1,3.75,4000,0.5,"Picea",4,35000
"578",6.18499999999995,0.0329999999999018,3.87300000000005,2.22600000000011,0.672645838969469,1,3.75,5000,0.5,"Picea",4,35000
"579",6.25199999999995,0.0380000000000109,3.89300000000003,2.26099999999997,0.680081334330575,1,3.75,6000,0.5,"Picea",4,35000
"580",6.54099999999971,0.0410000000001673,4.07099999999991,2.36999999999989,0.662816277480968,1,3.75,7000,0.5,"Picea",4,35000
"581",6.26399999999967,0.0500000000001819,3.90899999999965,2.23900000000003,0.669651265073876,1,3.75,8000,0.5,"Picea",4,35000
"582",6.33999999999969,0.0479999999997744,3.8760000000002,2.34299999999985,0.67362502500337,1,3.75,9000,0.5,"Picea",4,35000
"583",6.25,0.0520000000001346,3.86799999999994,2.25300000000016,0.674741935537537,1,3.75,10000,0.5,"Picea",4,35000
"584",6.21799999999985,0.0539999999996326,3.88300000000027,2.19799999999987,0.674716095091863,1,3.75,11000,0.5,"Picea",4,35000
"585",6.15900000000011,0.0230000000001382,3.88900000000012,2.21399999999994,0.709979202196541,1,3.75,1000,0.5,"Picea",5,35000
"586",6.20600000000013,0.0320000000001528,3.83399999999983,2.30200000000013,0.725068202922051,1,3.75,2000,0.5,"Picea",5,35000
"587",6.25599999999986,0.0270000000000437,3.84000000000015,2.34400000000005,0.706336967364561,1,3.75,3000,0.5,"Picea",5,35000
"588",6.21099999999979,0.0320000000001528,3.82600000000002,2.30499999999984,0.708039344119124,1,3.75,4000,0.5,"Picea",5,35000
"589",6.42000000000007,0.0409999999997126,3.97800000000007,2.33600000000024,0.716795073770479,1,3.75,5000,0.5,"Picea",5,35000
"590",6.19799999999987,0.0419999999999163,3.82099999999991,2.27700000000004,0.716158110112459,1,3.75,6000,0.5,"Picea",5,35000
"591",6.31500000000005,0.0410000000001673,3.9689999999996,2.23100000000022,0.716581801298019,1,3.75,7000,0.5,"Picea",5,35000
"592",6.28899999999976,0.056999999999789,3.78600000000006,2.37100000000009,0.711881002359558,1,3.75,8000,0.5,"Picea",5,35000
"593",6.18100000000004,0.0459999999998217,3.83600000000024,2.21699999999964,0.718910970150932,1,3.75,9000,0.5,"Picea",5,35000
"594",6.28800000000001,0.0639999999998508,3.85500000000002,2.2829999999999,0.720280917766205,1,3.75,10000,0.5,"Picea",5,35000
"595",6.32600000000002,0.0599999999999454,3.904,2.28099999999995,0.709213815621207,1,3.75,11000,0.5,"Picea",5,35000
