"","X","totalTime","fittingTime","predictionTime","accuracyTime","testingAUC","spatialResolution","taxon","numPredictors","trainingExamples","cells","cores","GBMemory","ID_unit","Prob","Stratum"
"1",4,5.50399999999991,0.00700000000051659,3.66299999999956,1.8119999999999,0.647135926783963,0.5,"Picea",5,100,35000,8,16,4,0.05,1
"2",19,5.56299999999919,0.0100000000002183,3.70399999999972,1.82499999999982,0.709876877510748,0.5,"Picea",5,500,35000,8,16,19,0.05,2
"3",321,5.10000000003492,0.0200000000186265,3.20000000001164,1.86999999999534,0.718786955341174,0.5,"Picea",5,1000,35000,8,16,321,0.05,3
"4",31,4.94200000000001,0.00700000000051659,2.9409999999998,1.97400000000016,0.676731057772645,0.5,"Picea",5,100,35000,1,4,31,0.1,4
"5",58,5.57799999999952,0.0249999999996362,3.72299999999996,1.80299999999988,0.741636155256055,0.5,"Picea",5,2000,35000,8,16,58,0.05,5
"6",3806,38.0799999999999,27.5650000000001,8.28599999999994,2.19799999999998,0.762243159244528,0.5,"Picea",5,500,35000,1,4,3806,0.0476190476190476,6
"7",60,5.64999999999964,0.0540000000000873,3.74799999999959,1.8130000000001,0.739657206717316,0.5,"Picea",5,5000,35000,8,16,60,0.05,7
"8",3354,107.593,93.3920000000001,12.201,1.96899999999999,0.780629543855804,0.5,"Picea",5,1000,35000,1,4,3354,0.0454545454545455,8
"9",85,4.97200000000066,0.024000000000342,2.94700000000012,1.97800000000007,0.740796416432704,0.5,"Picea",5,2000,35000,1,4,85,0.1,9
"10",100,5.08800000000065,0.0590000000001965,3.11399999999958,1.88600000000042,0.724579292827903,0.5,"Picea",5,5000,35000,1,4,100,0.1,10
"11",355,5.21000000002095,0.0699999999487773,3.22000000003027,1.86999999999534,0.736571725311123,0.5,"Picea",5,10000,35000,8,16,355,0.025,11
"12",126,5.59000000000015,0.118999999999687,3.30300000000079,2.10599999999977,0.723844119044344,0.5,"Picea",5,10000,35000,1,4,126,0.02,12
"13",360,5.32000000000698,0.180000000051223,3.20999999996275,1.86999999999534,0.739502800130475,0.5,"Picea",5,20000,35000,8,16,360,0.025,13
"14",793,6.33599999999979,0.299999999999727,3.76400000000012,2.19799999999987,0.736668885664421,0.5,"Picea",5,20000,35000,1,4,793,0.02,14
"15",227,6.94600000000003,0.492999999999938,4.08600000000001,2.27800000000002,0.740995584859041,0.5,"Picea",5,30000,35000,8,16,227,0.0333333333333333,15
"16",157,5.72999999999956,0.367000000000189,3.23599999999988,2.05099999999948,0.731719030960866,0.5,"Picea",5,30000,35000,1,4,157,0.02,16
"17",160,6.09799999999996,0.594999999999345,3.54800000000068,1.85999999999967,0.735469499231356,0.5,"Picea",5,40000,35000,8,16,160,0.0333333333333333,17
"18",1856,4.98799999999983,0.400000000000091,2.81500000000005,1.67700000000013,0.730141099968923,0.5,"Picea",5,40000,35000,1,4,1856,0.02,18
"19",296,5.31899999999996,0.461999999999989,2.92000000000007,1.84399999999994,0.731826127728159,0.5,"Picea",5,50000,35000,8,16,296,0.0344827586206897,19
"20",199,5.66100000000006,0.528000000000247,3.12100000000009,1.91799999999967,0.743701507747988,0.5,"Picea",5,50000,35000,1,4,199,0.02,20
"21",1171,6.673,0.105000000000004,4.67999999999999,1.839,0.732600936475927,0.1,"Picea",5,10000,875000,1,4,1171,0.025,21
"22",1742,6.89599999999996,0.212999999999965,4.86699999999996,1.75399999999991,0.730007881423391,0.1,"Picea",5,20000,875000,1,4,1742,0.025,22
"23",694,9.71399999999994,0.67899999999986,6.71800000000007,2.154,0.732608391911197,0.1,"Picea",5,30000,875000,1,4,694,0.025,23
"24",486,9.46299999999997,0.6099999999999,6.35300000000007,2.22399999999993,0.745792989813604,0.1,"Picea",5,40000,875000,1,4,486,0.025,24
"25",1778,7.31899999999996,0.397999999999911,4.94500000000016,1.74699999999984,0.743011766531475,0.1,"Picea",5,50000,875000,1,4,1778,0.025,25
"26",959,5.84400000000005,0.121000000000095,3.74099999999999,1.92399999999998,0.740747702362934,0.25,"Picea",5,10000,140000,1,4,959,0.025,26
"27",510,6.48800000000006,0.257999999999811,4.11900000000014,2.03099999999995,0.735166335070862,0.25,"Picea",5,20000,140000,1,4,510,0.025,27
"28",405,6.839,0.576999999999998,3.94499999999999,2.21600000000001,0.749341742906817,0.25,"Picea",5,30000,140000,1,4,405,0.025,28
"29",1241,5.19400000000002,0.408000000000015,2.97300000000001,1.72399999999999,0.742941880194519,0.25,"Picea",5,40000,140000,1,4,1241,0.025,29
"30",1000,6.79100000000017,0.710000000000036,3.9399999999996,2.03700000000026,0.743168713299282,0.25,"Picea",5,50000,140000,1,4,1000,0.025,30
"31",1874,4.63200000000006,0.106999999999971,2.75300000000016,1.72899999999981,0.73636120357662,1,"Picea",5,10000,8750,1,4,1874,0.025,31
"32",1307,4.60799999999995,0.206000000000017,2.61299999999994,1.73500000000001,0.741092193797708,1,"Picea",5,20000,8750,1,4,1307,0.025,32
"33",1895,4.84900000000016,0.30199999999968,2.76400000000012,1.70600000000013,0.739846048096291,1,"Picea",5,30000,8750,1,4,1895,0.025,33
"34",461,6.96400000000006,0.889999999999986,3.99800000000005,1.95699999999999,0.743250925728604,1,"Picea",5,40000,8750,1,4,461,0.025,34
"35",1101,6.26400000000012,0.664999999999964,3.55499999999984,1.94100000000026,0.747107505150084,1,"Picea",5,50000,8750,1,4,1101,0.025,35
"36",1029,6.95100000000002,0.104000000000042,4.85400000000004,1.94399999999996,0.742212032073645,0.1,"Picea",5,10000,875000,4,16,1029,0.025,36
"37",868,6.88999999999987,0.222999999999956,4.72800000000007,1.87699999999995,0.733222514583575,0.1,"Picea",5,20000,875000,4,16,868,0.025,37
"38",881,7.17500000000018,0.466000000000122,4.75199999999995,1.86300000000006,0.732980999259761,0.1,"Picea",5,30000,875000,4,16,881,0.025,38
"39",1427,8.13999999999999,0.627000000000066,5.447,1.95399999999995,0.73742447761194,0.1,"Picea",5,40000,875000,4,16,1427,0.025,39
"40",540,7.18099999999998,0.423999999999978,4.81299999999999,1.851,0.738628034100441,0.1,"Picea",5,50000,875000,4,16,540,0.025,40
"41",1456,6.053,0.107000000000085,3.83299999999997,2.06499999999994,0.737468481968473,0.25,"Picea",5,10000,140000,4,16,1456,0.025,41
"42",1678,5.08599999999979,0.202999999999975,2.9860000000001,1.83399999999983,0.735153572213464,0.25,"Picea",5,20000,140000,4,16,1678,0.025,42
"43",1258,5.41400000000004,0.326000000000022,3.149,1.86000000000001,0.738421915464476,0.25,"Picea",5,30000,140000,4,16,1258,0.025,43
"44",582,5.44199999999995,0.44300000000004,3.07999999999998,1.82599999999996,0.736542899809938,0.25,"Picea",5,40000,140000,4,16,582,0.025,44
"45",1915,6.06800000000021,0.41800000000012,3.33399999999983,2.22400000000016,0.738373666761371,0.25,"Picea",5,50000,140000,4,16,1915,0.025,45
"46",1121,4.7199999999998,0.11200000000008,2.71000000000004,1.85399999999981,0.736101701492937,0.5,"Picea",5,10000,35000,4,16,1121,0.025,46
"47",1128,4.71900000000005,0.199999999999818,2.62300000000005,1.83699999999999,0.733912607504298,0.5,"Picea",5,20000,35000,4,16,1128,0.025,47
"48",1535,5.70799999999986,0.355999999999995,3.07400000000007,2.18799999999987,0.747835523603003,0.5,"Picea",5,30000,35000,4,16,1535,0.025,48
"49",796,5.077,0.427999999999884,2.71900000000005,1.83400000000006,0.74584029088732,0.5,"Picea",5,40000,35000,4,16,796,0.025,49
"50",978,4.97199999999998,0.433999999999969,2.64400000000001,1.80100000000016,0.735159120446389,0.5,"Picea",5,50000,35000,4,16,978,0.025,50
"51",1561,4.67700000000013,0.105000000000018,2.69800000000009,1.82899999999995,0.731670817041723,1,"Picea",5,10000,8750,4,16,1561,0.025,51
"52",1769,4.72799999999984,0.202999999999975,2.63799999999992,1.82999999999993,0.73589786771592,1,"Picea",5,20000,8750,4,16,1769,0.025,52
"53",650,5.00900000000001,0.32000000000005,2.79099999999994,1.8180000000001,0.740678145767495,1,"Picea",5,30000,8750,4,16,650,0.025,53
"54",1376,5.149,0.420000000000073,2.73699999999997,1.89800000000002,0.743822631926601,1,"Picea",5,40000,8750,4,16,1376,0.025,54
"55",1593,5.09400000000005,0.442999999999984,2.70900000000006,1.84899999999993,0.734223724623108,1,"Picea",5,50000,8750,4,16,1593,0.025,55
"56",3191,4.54100000000017,0.0169999999998254,2.76699999999983,1.73500000000013,0.545825026451151,0.5,"Picea",1,1000,35000,1,3.75,3191,0.04,56
"57",2862,4.59500000000003,0.0209999999999582,2.85899999999992,1.69100000000003,0.555384395535871,0.5,"Picea",1,2000,35000,1,3.75,2862,0.04,57
"58",2302,4.91600000000005,0.0160000000000764,3.07299999999998,1.79700000000003,0.557230323296863,0.5,"Picea",1,3000,35000,1,3.75,2302,0.04,58
"59",2523,4.36500000000001,0.0220000000000198,2.685,1.63,0.560674124571814,0.5,"Picea",1,4000,35000,1,3.75,2523,0.04,59
"60",2139,6.07900000000018,0.0380000000000109,4.10100000000011,1.88799999999992,0.569750208851941,0.5,"Picea",1,5000,35000,1,3.75,2139,0.04,60
"61",2140,6.20499999999993,0.0480000000002292,3.86999999999989,2.23300000000017,0.568612348143208,0.5,"Picea",1,6000,35000,1,3.75,2140,0.04,61
"62",2846,4.39499999999998,0.0299999999999727,2.70200000000023,1.62599999999998,0.560119404823762,0.5,"Picea",1,7000,35000,1,3.75,2846,0.04,62
"63",2417,4.8900000000001,0.0279999999997926,3.01900000000001,1.7969999999998,0.557954444178331,0.5,"Picea",1,8000,35000,1,3.75,2417,0.04,63
"64",2532,4.38499999999999,0.0340000000000202,2.67099999999999,1.64099999999999,0.560730006814303,0.5,"Picea",1,9000,35000,1,3.75,2532,0.04,64
"65",3218,4.70199999999977,0.0349999999998545,2.90900000000011,1.71399999999994,0.554224897893091,0.5,"Picea",1,10000,35000,1,3.75,3218,0.04,65
"66",2475,4.94700000000012,0.0380000000000109,3.06899999999996,1.78600000000006,0.564127164837652,0.5,"Picea",1,11000,35000,1,3.75,2475,0.04,66
"67",2256,5.43200000000002,0.0149999999999864,3.51400000000001,1.87799999999999,0.545488952351741,0.5,"Picea",2,1000,35000,1,3.75,2256,0.04,67
"68",2895,4.6389999999999,0.0209999999999582,2.8610000000001,1.73299999999995,0.568841029564457,0.5,"Picea",2,2000,35000,1,3.75,2895,0.04,68
"69",1983,5.84200000000004,0.0330000000000155,3.88099999999997,1.88500000000005,0.583921164665692,0.5,"Picea",2,3000,35000,1,3.75,1983,0.04,69
"70",2902,4.63799999999992,0.0269999999998163,2.8570000000002,1.72499999999991,0.575761850854687,0.5,"Picea",2,4000,35000,1,3.75,2902,0.04,70
"71",3033,4.58400000000006,0.0329999999999018,2.79600000000005,1.721,0.57103925059351,0.5,"Picea",2,5000,35000,1,3.75,3033,0.04,71
"72",2577,4.90199999999999,0.0410000000000537,3.10999999999996,1.70800000000003,0.583952271397703,0.5,"Picea",2,6000,35000,1,3.75,2577,0.04,72
"73",2372,5.00199999999995,0.0440000000000964,3.08899999999994,1.82400000000007,0.586915788650747,0.5,"Picea",2,7000,35000,1,3.75,2372,0.04,73
"74",2922,4.70699999999988,0.0519999999999072,2.88700000000017,1.72499999999991,0.59023491625011,0.5,"Picea",2,8000,35000,1,3.75,2922,0.04,74
"75",2374,5.05499999999984,0.0599999999999454,3.13100000000009,1.81499999999983,0.599419281024814,0.5,"Picea",2,9000,35000,1,3.75,2374,0.04,75
"76",3048,4.60400000000004,0.0679999999999836,2.78899999999999,1.70500000000015,0.565744316390838,0.5,"Picea",2,10000,35000,1,3.75,3048,0.04,76
"77",2101,5.62899999999991,0.0940000000000509,3.57899999999995,1.88100000000009,0.59710269660003,0.5,"Picea",2,11000,35000,1,3.75,2101,0.04,77
"78",3054,5.08400000000006,0.0240000000001146,3.26900000000001,1.76700000000005,0.675218675109702,0.5,"Picea",3,1000,35000,1,3.75,3054,0.04,78
"79",2598,4.702,0.0230000000000246,2.911,1.74399999999997,0.669554451675512,0.5,"Picea",3,2000,35000,1,3.75,2598,0.04,79
"80",3097,4.61599999999999,0.0309999999999491,2.81299999999987,1.74600000000009,0.651991420250496,0.5,"Picea",3,3000,35000,1,3.75,3097,0.04,80
"81",2943,4.6400000000001,0.0350000000000819,2.81999999999994,1.75800000000004,0.690277434226983,0.5,"Picea",3,4000,35000,1,3.75,2943,0.04,81
"82",3228,4.64699999999993,0.0529999999998836,2.85399999999981,1.70900000000029,0.667005512800407,0.5,"Picea",3,5000,35000,1,3.75,3228,0.04,82
"83",2327,4.971,0.0529999999998836,3.06200000000013,1.8159999999998,0.667268032136103,0.5,"Picea",3,6000,35000,1,3.75,2327,0.04,83
"84",2612,4.67899999999997,0.0600000000000023,2.79900000000004,1.78099999999995,0.672690316108795,0.5,"Picea",3,7000,35000,1,3.75,2612,0.04,84
"85",2329,5.10500000000002,0.0709999999999127,3.15100000000007,1.83500000000004,0.670770830774313,0.5,"Picea",3,8000,35000,1,3.75,2329,0.04,85
"86",2440,5.35800000000017,0.081000000000131,3.28499999999985,1.9380000000001,0.654210676562946,0.5,"Picea",3,9000,35000,1,3.75,2440,0.04,86
"87",3128,4.73799999999983,0.0740000000000691,2.88400000000001,1.73799999999983,0.663113635348968,0.5,"Picea",3,10000,35000,1,3.75,3128,0.04,87
"88",2112,5.69700000000012,0.111000000000104,3.58899999999994,1.91800000000012,0.664047618776211,0.5,"Picea",3,11000,35000,1,3.75,2112,0.04,88
"89",2605,4.64499999999998,0.0260000000000105,2.93299999999999,1.66299999999995,0.718868462073519,0.5,"Picea",4,1000,35000,1,3.75,2605,0.04,89
"90",2608,4.505,0.0369999999999777,2.76100000000002,1.68099999999998,0.715913574602573,0.5,"Picea",4,2000,35000,1,3.75,2608,0.04,90
"91",2500,5.03400000000011,0.0399999999999636,3.11999999999989,1.8420000000001,0.706426651708591,0.5,"Picea",4,3000,35000,1,3.75,2500,0.04,91
"92",2226,5.90300000000025,0.0670000000000073,3.84400000000005,1.94799999999987,0.712781660244269,0.5,"Picea",4,4000,35000,1,3.75,2226,0.04,92
"93",2337,5.13499999999999,0.05600000000004,3.17800000000011,1.8599999999999,0.699507022962708,0.5,"Picea",4,5000,35000,1,3.75,2337,0.04,93
"94",2939,4.51100000000019,0.0679999999999836,2.75700000000006,1.64900000000011,0.700496492764998,0.5,"Picea",4,6000,35000,1,3.75,2939,0.04,94
"95",3142,4.64700000000039,0.0729999999998654,2.80999999999995,1.72700000000032,0.705098458468764,0.5,"Picea",4,7000,35000,1,3.75,3142,0.04,95
"96",2625,4.55799999999999,0.0840000000000032,2.73199999999997,1.70300000000003,0.71492910385881,0.5,"Picea",4,8000,35000,1,3.75,2625,0.04,96
"97",2231,5.94700000000012,0.105000000000018,3.85199999999986,1.91600000000017,0.71564084178798,0.5,"Picea",4,9000,35000,1,3.75,2231,0.04,97
"98",2397,5.10099999999989,0.104000000000042,3.11299999999983,1.83400000000006,0.711432466904165,0.5,"Picea",4,10000,35000,1,3.75,2397,0.04,98
"99",3154,4.84299999999985,0.109999999999673,2.92200000000003,1.76400000000012,0.71539110614968,0.5,"Picea",4,11000,35000,1,3.75,3154,0.04,99
"100",2234,5.9699999999998,0.0309999999999491,3.93200000000024,1.97599999999966,0.74181347628253,0.5,"Picea",5,1000,35000,1,3.75,2234,0.04,100
"101",3123,4.48000000000002,0.0390000000002146,2.68499999999995,1.73099999999977,0.732998789722153,0.5,"Picea",5,2000,35000,1,3.75,3123,0.04,101
"102",2803,4.51099999999997,0.0470000000000255,2.7059999999999,1.73099999999999,0.741327711510838,0.5,"Picea",5,3000,35000,1,3.75,2803,0.04,102
"103",2457,5.12699999999995,0.0579999999999927,3.16699999999992,1.86799999999994,0.748048457308006,0.5,"Picea",5,4000,35000,1,3.75,2457,0.04,103
"104",2348,5.02800000000002,0.0640000000000782,3.0809999999999,1.84400000000005,0.729392266192783,0.5,"Picea",5,5000,35000,1,3.75,2348,0.04,104
"105",3173,4.76900000000023,0.0719999999996617,2.87700000000041,1.78499999999985,0.734733591999563,0.5,"Picea",5,6000,35000,1,3.75,3173,0.04,105
"106",2130,5.92299999999977,0.108999999999924,3.82099999999991,1.92399999999998,0.746481675917293,0.5,"Picea",5,7000,35000,1,3.75,2130,0.04,106
"107",3179,4.64499999999998,0.0899999999996908,2.73900000000003,1.77700000000004,0.729080925553762,0.5,"Picea",5,8000,35000,1,3.75,3179,0.04,107
"108",2077,6.05099999999993,0.130000000000109,3.86699999999996,1.98199999999997,0.739026101371845,0.5,"Picea",5,9000,35000,1,3.75,2077,0.04,108
"109",3020,4.84500000000003,0.124000000000024,2.87400000000002,1.80699999999979,0.733954981062787,0.5,"Picea",5,10000,35000,1,3.75,3020,0.04,109
"110",3199,5.29500000000007,0.145999999999731,3.11099999999988,1.99200000000019,0.739256956175927,0.5,"Picea",5,11000,35000,1,3.75,3199,0.04,110
"111",3831,138.936,65.696,71.08,2.13,0.772749075473199,0.1,"Picea",5,1000,875000,1,4,3831,0.0833333333333333,111
"112",3355,5.63000000000005,0.768999999999949,3.24200000000002,1.59700000000004,0.722458215256116,1,"Picea",5,50,8750,1,4,3355,0.0909090909090909,112
"113",3347,91.889,72.049,18.181,1.63,0.782884700134552,0.25,"Picea",5,1000,140000,1,4,3347,0.0769230769230769,113
"114",3745,43.904,26.821,14.896,2.15800000000002,0.758611015491135,0.25,"Picea",5,500,140000,1,4,3745,0.0909090909090909,114
"115",3726,7.499,0.919999999999987,4.37800000000001,2.012,0.679808403694137,0.25,"Picea",5,50,140000,1,4,3726,0.0909090909090909,115
"116",3750,64.432,20.261,42.101,2.041,0.73983295269094,0.1,"Picea",5,500,875000,1,4,3750,0.0833333333333333,116
"117",3357,71.2270000000001,61.4780000000001,7.99900000000002,1.72499999999991,0.772485214558706,1,"Picea",5,1000,8750,1,4,3357,0.0769230769230769,117
"118",3729,32.508,3.11999999999998,26.545,2.65600000000001,0.681846895110135,0.1,"Picea",5,50,875000,1,4,3729,0.0833333333333333,118
"119",3409,37.552,22.174,13.276,2.072,0.773484796421227,0.25,"Picea",5,500,140000,1,1,3409,0.1,119
"120",3367,345.478,331.482,11.888,1.92500000000007,0.780041565377322,1,"Picea",5,2500,8750,1,1,3367,0.5,120
"121",3573,209.707,103.394,104.247,2.03300000000002,0.780417891276424,0.1,"Picea",5,1000,875000,1,1,3573,0.1,121
"122",3420,28.317,19.867,6.89200000000002,1.536,0.741568015773589,0.5,"Picea",5,500,35000,1,1,3420,0.111111111111111,122
"123",3370,3542.471,3472.359,66.223,3.65999999999985,0.815365176442408,0.25,"Picea",5,10000,140000,1,1,3370,1,123
"124",3418,84.22,73.936,8.208,2.04499999999999,0.77190672160077,1,"Picea",5,1000,8750,1,1,3418,0.1,124
"125",3432,67.411,19.329,46.159,1.88900000000001,0.752240072745856,0.1,"Picea",5,500,875000,1,1,3432,0.111111111111111,125
"126",3373,502.409,359.511,140.86,2,0.795452401747795,0.1,"Picea",5,2500,875000,1,1,3373,0.2,126
"127",3379,466.752,430.361,34.476,1.87299999999993,0.792381805836629,0.25,"Picea",5,2500,140000,1,1,3379,1,127
"128",3469,6.86000000000001,1.24799999999993,4.05100000000004,1.53899999999999,0.703770152008902,0.5,"Picea",5,50,35000,1,1,3469,0.125,128
"129",3437,36.307,27.291,7.00200000000001,1.98699999999997,0.756550307430572,1,"Picea",5,500,8750,1,1,3437,0.1,129
"130",3412,5.38800000000001,0.784999999999997,3.12299999999999,1.45500000000001,0.654200928662031,1,"Picea",5,50,8750,1,1,3412,0.1,130
"131",3471,6.69200000000001,0.937999999999988,4.255,1.47700000000009,0.698970456658303,0.25,"Picea",5,50,140000,1,1,3471,0.111111111111111,131
"132",3387,763.057,712.768,47.7530000000002,2.48099999999999,0.792659107710747,0.5,"Picea",5,2500,35000,1,1,3387,1,132
"133",3478,81.371,69.168,10.349,1.82599999999991,0.776092648583652,0.5,"Picea",5,1000,35000,1,1,3478,0.1,133
"134",3460,19.984,1.54599999999999,16.628,1.786,0.6718500597411,0.1,"Picea",5,50,875000,1,1,3460,0.111111111111111,134
"135",3434,162.664,130.94,29.55,2.13999999999999,0.775288537629582,0.25,"Picea",5,1000,140000,1,1,3434,0.1,135
"136",3486,10.054,1.77199999999999,5.89100000000002,2.16900000000001,0.617440721018428,0.25,"Picea",5,50,140000,1,2,3486,0.1,136
"137",3501,5.81700000000001,0.766999999999996,3.292,1.73099999999999,0.711013377889623,1,"Picea",5,50,8750,1,2,3501,0.1,137
"138",3570,90.27,77.326,10.8929999999999,2.01700000000005,0.760364496949568,0.5,"Picea",5,1000,35000,1,2,3570,0.1,138
"139",3535,32.13,22.222,7.91899999999998,1.95699999999999,0.746664461344675,0.5,"Picea",5,500,35000,1,2,3535,0.1,139
"140",3522,25.075,17.595,5.762,1.69100000000003,0.746986222972167,1,"Picea",5,500,8750,1,2,3522,0.1,140
"141",3604,37.599,23.1,12.696,1.774,0.738206222542843,0.25,"Picea",5,500,140000,1,2,3604,0.1,141
"142",3499,57.912,17.079,38.993,1.81300000000002,0.759543662361645,0.1,"Picea",5,500,875000,1,2,3499,0.1,142
"143",3512,88.604,77.78,8.66400000000004,2.12399999999997,0.777631857826235,1,"Picea",5,1000,8750,1,2,3512,0.1,143
"144",3563,33.5980000000001,2.88499999999999,28.6070000000001,2.077,0.717073244482393,0.1,"Picea",5,50,875000,1,2,3563,0.1,144
"145",3509,121.11,96.148,22.69,2.05800000000005,0.777980089821025,0.25,"Picea",5,1000,140000,1,2,3509,0.1,145
"146",3510,171.144,81.435,87.342,2.16199999999998,0.778332677175563,0.1,"Picea",5,1000,875000,1,2,3510,0.1,146
"147",3569,15.447,5.68900000000008,7.60899999999992,2.11900000000003,0.703932860316424,0.5,"Picea",5,50,35000,1,2,3569,0.111111111111111,147
"148",3707,8.16099999999994,1.81000000000006,4.23500000000001,2.08799999999997,0.711260780332307,1,"Picea",5,50,8750,1,3,3707,0.111111111111111,148
"149",3633,11.397,0.882000000000005,8.483,2.00599999999997,0.690688214590187,0.1,"Picea",5,50,875000,1,3,3633,0.1,149
"150",3702,7.08800000000008,0.817000000000007,4.15800000000002,2.08199999999999,0.66505478275956,0.25,"Picea",5,50,140000,1,3,3702,0.1,150
"151",3623,6.405,0.841000000000008,3.68199999999999,1.85400000000001,0.719033608393901,0.5,"Picea",5,50,35000,1,3,3623,0.111111111111111,151
"152",3718,36.383,26.189,8.36800000000005,1.798,0.760129109412985,0.5,"Picea",5,500,35000,1,3,3718,0.1,152
"153",3713,33.1419999999999,24.989,6.49899999999991,1.62800000000004,0.754553024501963,1,"Picea",5,500,8750,1,3,3713,0.1,153
"154",3667,45.132,28.307,14.717,2.07800000000003,0.759098205603199,0.25,"Picea",5,500,140000,1,3,3667,0.1,154
"155",3641,101.883,79.827,19.955,2.06799999999998,0.774788202016094,0.25,"Picea",5,1000,140000,1,3,3641,0.1,155
"156",3626,81.542,69.967,9.982,1.565,0.777881324140038,0.5,"Picea",5,1000,35000,1,3,3626,0.1,156
"157",3654,113.431,101.782,9.57999999999998,2.03800000000001,0.780153720273348,1,"Picea",5,1000,8750,1,3,3654,0.1,157
"158",3688,90.506,28.282,60.207,1.98699999999997,0.759177719744257,0.1,"Picea",5,500,875000,1,3,3688,0.1,158
"159",3937,136.836,64.17,70.523,2.10400000000004,0.77869663957489,0.1,"Picea",5,1000,875000,1,3,3937,0.1,159
"160",3804,12.629,4.03899999999999,6.61500000000001,1.947,0.685360258224708,0.5,"Picea",5,50,35000,1,4,3804,0.142857142857143,160
"161",3811,37.7619999999999,28.6170000000001,7.13199999999995,1.98199999999997,0.7636652689796,1,"Picea",5,500,8750,1,4,3811,0.1,161
"162",3925,6.58000000000004,1.07299999999998,3.68600000000004,1.79399999999998,0.668081525844985,0.5,"Picea",5,50,35000,1,6,3925,0.1,162
"163",3895,23.285,1.68799999999999,19.694,1.87700000000001,0.702014326239315,0.1,"Picea",5,50,875000,1,6,3895,0.125,163
"164",3939,29.3099999999999,21.322,6.05899999999997,1.899,0.748780774332102,1,"Picea",5,500,8750,1,6,3939,0.1,164
"165",3909,32.4799999999999,22.424,7.88300000000004,2.1339999999999,0.751583376269683,0.5,"Picea",5,500,35000,1,6,3909,0.1,165
"166",3911,79.957,69.3960000000001,8.45499999999993,2.077,0.780523469555213,1,"Picea",5,1000,8750,1,6,3911,0.1,166
"167",3860,113.596,99.092,12.162,2.14599999999996,0.770684390639257,0.5,"Picea",5,1000,35000,1,6,3860,0.0909090909090909,167
"168",3907,94.094,30.07,61.87,2.11599999999999,0.75497603214424,0.1,"Picea",5,500,875000,1,6,3907,0.1,168
"169",3850,7.47199999999998,1.149,4.43800000000002,1.85899999999998,0.679224267654763,0.25,"Picea",5,50,140000,1,6,3850,0.142857142857143,169
"170",3881,44.928,28.428,14.448,2.02299999999997,0.75877779483259,0.25,"Picea",5,500,140000,1,6,3881,0.1,170
"171",3920,10.04,3.00299999999993,4.87800000000004,2.13199999999995,0.674778354642568,1,"Picea",5,50,8750,1,6,3920,0.1,171
"172",3949,86.5559999999999,66.505,17.826,2.18099999999993,0.772047218593711,0.25,"Picea",5,1000,140000,1,6,3949,0.1,172
"173",4023,139.974,65.02,72.403,2.51699999999994,0.772010840296234,0.1,"Picea",5,1000,875000,1,6,4023,0.1,173
"174",3955,5.786,0.740000000000009,3.238,1.625,0.683822008007324,0.5,"Picea",5,50,35000,2,2,3955,0.1,174
"175",4026,8.25199999999995,1.79199999999992,4.35800000000006,2.07299999999998,0.674589326335037,1,"Picea",5,50,8750,2,2,4026,0.1,175
"176",3959,9.50799999999998,1.65100000000001,5.78299999999999,1.875,0.685877832434461,0.25,"Picea",5,50,140000,2,2,3959,0.1,176
"177",3988,12.864,0.867999999999995,10.195,1.77500000000003,0.685679250212266,0.1,"Picea",5,50,875000,2,2,3988,0.111111111111111,177
"178",3963,38.077,23.142,13.209,1.69900000000001,0.759478721370729,0.25,"Picea",5,500,140000,2,2,3963,0.1,178
"179",4028,23.294,15.97,5.673,1.62299999999993,0.737552719139971,1,"Picea",5,500,8750,2,2,4028,0.1,179
"180",4058,131,116.32,12.501,2.13699999999994,0.778394995578551,1,"Picea",5,1000,8750,2,2,4058,0.1,180
"181",3998,68.991,57.544,9.60500000000002,1.79899999999998,0.773393211705825,0.5,"Picea",5,1000,35000,2,2,3998,0.1,181
"182",3983,38.788,28.039,8.78699999999998,1.93200000000002,0.765845121115503,0.5,"Picea",5,500,35000,2,2,3983,0.1,182
"183",3977,111.8,53.794,56.253,1.56700000000001,0.762923851453371,0.1,"Picea",5,1000,875000,2,2,3977,0.1,183
"184",4019,87.633,27.719,57.8819999999999,2.00200000000007,0.748882809877114,0.1,"Picea",5,500,875000,2,2,4019,0.1,184
"185",4137,106.123,83.277,20.757,2.05399999999997,0.774297269467686,0.25,"Picea",5,1000,140000,2,2,4137,0.1,185
"186",4122,36.945,26.487,8.416,2.00299999999999,0.757458680635632,0.5,"Picea",5,500,35000,2,3,4122,0.1,186
"187",4080,14.975,3.85499999999999,8.89700000000002,2.001,0.671740876168837,0.25,"Picea",5,50,140000,2,3,4080,0.1,187
"188",4086,29.447,2.44800000000001,24.695,2.268,0.71165008445777,0.1,"Picea",5,50,875000,2,3,4086,0.111111111111111,188
"189",4083,30.035,21.643,6.48999999999998,1.86600000000001,0.758560212810207,1,"Picea",5,500,8750,2,3,4083,0.1,189
"190",4081,73.581,22.651,48.47,2.26000000000002,0.726574958901102,0.1,"Picea",5,500,875000,2,3,4081,0.1,190
"191",4084,7.06700000000001,1.34099999999998,3.828,1.86500000000001,0.677339311635257,0.5,"Picea",5,50,35000,2,3,4084,0.1,191
"192",4190,93.87,71.8739999999999,19.926,2.03999999999996,0.775614419518506,0.25,"Picea",5,1000,140000,2,3,4190,0.1,192
"193",4127,114.522,100.56,12.117,1.81600000000003,0.772329173832698,0.5,"Picea",5,1000,35000,2,3,4127,0.1,193
"194",4158,102.889,91.154,9.58800000000008,2.11500000000001,0.787622527197507,1,"Picea",5,1000,8750,2,3,4158,0.1,194
"195",4123,7.42599999999999,1.55099999999999,3.86399999999998,1.98400000000004,0.665384717898395,1,"Picea",5,50,8750,2,3,4123,0.1,195
"196",4174,43.516,26.424,15.313,1.75099999999998,0.747265160611142,0.25,"Picea",5,500,140000,2,3,4174,0.1,196
"197",4144,123.398,56.686,64.832,1.84800000000007,0.777760720970942,0.1,"Picea",5,1000,875000,2,3,4144,0.1,197
"198",4232,6.80900000000003,1.01900000000001,3.75200000000001,2.00999999999999,0.694644891017911,0.5,"Picea",5,50,35000,2,4,4232,0.111111111111111,198
"199",4193,14.582,3.511,8.90899999999999,1.95400000000001,0.646467871880527,0.25,"Picea",5,50,140000,2,4,4193,0.111111111111111,199
"200",4217,37.11,22.261,12.94,1.87800000000004,0.769133173979913,0.25,"Picea",5,500,140000,2,4,4217,0.1,200
"201",4300,19.336,1.67999999999995,15.611,2.01499999999999,0.697828531965272,0.1,"Picea",5,50,875000,2,4,4300,0.111111111111111,201
"202",4254,94.6729999999999,30.341,62.2880000000001,2.01299999999992,0.763538598487719,0.1,"Picea",5,500,875000,2,4,4254,0.1,202
"203",4301,9.73699999999997,2.66500000000008,5.02099999999996,2.02099999999996,0.654298147222537,1,"Picea",5,50,8750,2,4,4301,0.1,203
"204",4287,91.625,80.6130000000001,9.01099999999997,1.96699999999998,0.771972831615348,1,"Picea",5,1000,8750,2,4,4287,0.1,204
"205",4292,119.916,104.976,12.788,2.11799999999994,0.770210295642476,0.5,"Picea",5,1000,35000,2,4,4292,0.1,205
"206",4205,144.236,64.026,78.153,2.02600000000001,0.776533288778596,0.1,"Picea",5,1000,875000,2,4,4205,0.1,206
"207",4218,88.475,67.391,18.991,2.05900000000003,0.785500807075178,0.25,"Picea",5,1000,140000,2,4,4218,0.1,207
"208",4221,29.307,21.021,6.29000000000002,1.96499999999997,0.75849295666133,1,"Picea",5,500,8750,2,4,4221,0.1,208
"209",4277,53.2120000000001,40.572,10.583,2.02599999999995,0.7544140359678,0.5,"Picea",5,500,35000,2,4,4277,0.1,209
"210",4407,8.88499999999999,1.346,5.56600000000003,1.94299999999998,0.697940167394325,0.25,"Picea",5,50,140000,2,6,4407,0.1,210
"211",4351,11.517,4.25599999999997,5.34000000000003,1.89399999999995,0.709139840904804,1,"Picea",5,50,8750,2,6,4351,0.125,211
"212",4317,11.816,3.941,5.66300000000001,2.012,0.680745623931552,0.5,"Picea",5,50,35000,2,6,4317,0.1,212
"213",4364,34.1950000000001,23.812,8.166,2.18700000000001,0.755085927105632,0.5,"Picea",5,500,35000,2,6,4364,0.1,213
"214",4387,33.146,20.1120000000001,10.943,2.04899999999998,0.752891872278665,0.25,"Picea",5,500,140000,2,6,4387,0.1,214
"215",4505,80.223,69.716,8.38,2.09399999999994,0.774056175485526,1,"Picea",5,1000,8750,2,6,4505,0.1,215
"216",4320,33.759,2.989,28.363,2.20600000000002,0.704675775754835,0.1,"Picea",5,50,875000,2,6,4320,0.125,216
"217",4323,139.393,123.728,13.667,1.96600000000001,0.78028993224757,0.5,"Picea",5,1000,35000,2,6,4323,0.1,217
"218",4404,109.675,86.553,21.1950000000001,1.89599999999996,0.772527542548295,0.25,"Picea",5,1000,140000,2,6,4404,0.1,218
"219",4349,122.723,40.13,80.498,2.06199999999995,0.766176284875645,0.1,"Picea",5,500,875000,2,6,4349,0.1,219
"220",4412,39.716,30.472,7.36300000000006,1.85199999999998,0.771189861240917,1,"Picea",5,500,8750,2,6,4412,0.1,220
"221",4365,194.887,94.037,98.578,2.24000000000001,0.776902536226575,0.1,"Picea",5,1000,875000,2,6,4365,0.1,221
"222",4429,6.595,0.884999999999991,3.59899999999999,2.078,0.665114002667637,0.5,"Picea",5,50,35000,2,9,4429,0.1,222
"223",4478,29.946,2.46800000000002,25.321,2.12799999999999,0.695960441497372,0.1,"Picea",5,50,875000,2,9,4478,0.111111111111111,223
"224",4534,56.0490000000001,36.537,17.381,2.08800000000008,0.753955041664347,0.25,"Picea",5,500,140000,2,9,4534,0.1,224
"225",4432,37.694,27.261,8.28700000000001,2.114,0.752269377469625,0.5,"Picea",5,500,35000,2,9,4432,0.1,225
"226",4464,12.024,2.29600000000005,7.65499999999997,2.041,0.693021779855385,0.25,"Picea",5,50,140000,2,9,4464,0.111111111111111,226
"227",4450,47.853,37.811,7.93900000000002,2.06999999999999,0.757242172556698,1,"Picea",5,500,8750,2,9,4450,0.1,227
"228",4454,106.95,92.974,11.963,1.97400000000005,0.776862692862693,0.5,"Picea",5,1000,35000,2,9,4454,0.1,228
"229",4509,11.447,4.09400000000005,5.34000000000003,1.98500000000001,0.699386581971445,1,"Picea",5,50,8750,2,9,4509,0.1,229
"230",4537,93.6900000000001,72.7009999999999,18.8810000000001,2.07299999999998,0.770351767753106,0.25,"Picea",5,1000,140000,2,9,4537,0.1,230
"231",4487,106.33,94.232,9.76699999999994,2.28700000000003,0.775504029206211,1,"Picea",5,1000,8750,2,9,4487,0.1,231
"232",4574,249.786,128.987,118.442,2.15800000000002,0.778966197515514,0.1,"Picea",5,1000,875000,2,9,4574,0.1,232
"233",4455,72.043,22.136,47.65,2.22000000000003,0.761322165950152,0.1,"Picea",5,500,875000,2,9,4455,0.1,233
"234",4646,69.8059999999999,21.6260000000001,46.5039999999999,1.649,0.763000558676205,0.1,"Picea",5,500,875000,2,12,4646,0.1,234
"235",4591,19.832,1.584,16.097,2.11700000000002,0.658481193744895,0.1,"Picea",5,50,875000,2,12,4591,0.142857142857143,235
"236",4651,34.2099999999999,20.711,11.866,1.60599999999999,0.764915636688875,0.25,"Picea",5,500,140000,2,12,4651,0.1,236
"237",4545,43.689,34.313,7.31400000000002,2.03199999999998,0.766302014114779,1,"Picea",5,500,8750,2,12,4545,0.1,237
"238",4577,7.34700000000004,1.113,4.19400000000002,2.00400000000002,0.667235306779695,0.25,"Picea",5,50,140000,2,12,4577,0.111111111111111,238
"239",4565,75.853,64.339,9.66800000000001,1.81599999999997,0.778970744784065,0.5,"Picea",5,1000,35000,2,12,4565,0.1,239
"240",4615,42.5650000000001,31.2760000000001,9.27499999999998,1.98500000000001,0.765439479819671,0.5,"Picea",5,500,35000,2,12,4615,0.1,240
"241",4649,127.419,115.128,10.222,2.03700000000003,0.786361800551854,1,"Picea",5,1000,8750,2,12,4649,0.1,241
"242",4568,63.003,38.211,21.13,3.61799999999999,0.719423227341334,0.5,"Picea",5,50,35000,2,12,4568,0.111111111111111,242
"243",4572,120.909,95.518,23.103,2.25299999999999,0.78438604227886,0.25,"Picea",5,1000,140000,2,12,4572,0.1,243
"244",4628,272.986,140.704,130.246,1.99399999999991,0.777783947538103,0.1,"Picea",5,1000,875000,2,12,4628,0.1,244
"245",4621,7.80600000000004,1.77600000000007,4.05999999999995,1.94200000000001,0.631115009711614,1,"Picea",5,50,8750,2,12,4621,0.1,245
"246",4690,9.15800000000002,2.23600000000005,5.346,1.54899999999998,0.704572176091827,0.5,"Picea",5,50,35000,4,4,4690,0.1,246
"247",4657,5.43199999999999,0.706999999999994,3.22400000000002,1.47199999999998,0.675006506096893,1,"Picea",5,50,8750,4,4,4657,0.111111111111111,247
"248",4738,56.3709999999999,42.239,12.1559999999999,1.94399999999996,0.760147793464128,0.5,"Picea",5,500,35000,4,4,4738,0.1,248
"249",4772,26.5340000000001,2.41800000000012,22.327,1.76099999999997,0.681350311930669,0.1,"Picea",5,50,875000,4,4,4772,0.1,249
"250",4736,36.643,26.579,7.88300000000004,2.14499999999998,0.76034784644538,1,"Picea",5,500,8750,4,4,4736,0.1,250
"251",4667,91.6,77.822,11.613,1.946,0.767825145513419,0.5,"Picea",5,1000,35000,4,4,4667,0.1,251
"252",4687,92.052,80.247,9.928,1.84100000000001,0.76720328795251,1,"Picea",5,1000,8750,4,4,4687,0.1,252
"253",4697,47.433,29.203,16.395,1.803,0.768846616032117,0.25,"Picea",5,500,140000,4,4,4697,0.1,253
"254",4724,10.284,2.10299999999995,6.59699999999998,1.55799999999999,0.678485989931799,0.25,"Picea",5,50,140000,4,4,4724,0.111111111111111,254
"255",4706,80.372,61.591,17.208,1.53899999999999,0.781311637854949,0.25,"Picea",5,1000,140000,4,4,4706,0.1,255
"256",4683,163.781,77.727,84.183,1.83700000000005,0.773436866732009,0.1,"Picea",5,1000,875000,4,4,4683,0.1,256
"257",4735,45.2190000000001,12.3970000000002,31.1009999999999,1.69100000000003,0.761746449651275,0.1,"Picea",5,500,875000,4,4,4735,0.1,257
"258",4788,8.58199999999999,1.87899999999996,5.048,1.62600000000003,0.698288117885861,0.5,"Picea",5,50,35000,4,6,4788,0.1,258
"259",4793,110.979,85.057,23.8819999999999,1.99900000000002,0.777004392513664,0.25,"Picea",5,1000,140000,4,6,4793,0.1,259
"260",4882,99.7909999999999,88.1480000000001,9.83699999999999,1.76699999999983,0.77255520744869,1,"Picea",5,1000,8750,4,6,4882,0.1,260
"261",4876,118.558,101.746,14.7659999999998,2.00800000000004,0.779668381825848,0.5,"Picea",5,1000,35000,4,6,4876,0.1,261
"262",4877,38.5599999999999,29.1019999999999,7.82200000000012,1.60599999999999,0.771343645594613,1,"Picea",5,500,8750,4,6,4877,0.1,262
"263",4781,80.107,24.796,53.557,1.72700000000003,0.758617957265424,0.1,"Picea",5,500,875000,4,6,4781,0.1,263
"264",4837,9.76999999999998,2.95699999999999,5.03500000000008,1.74299999999994,0.738490801827626,1,"Picea",5,50,8750,4,6,4837,0.1,264
"265",4846,39.4939999999999,23.9300000000001,13.7090000000001,1.81999999999994,0.760433422827481,0.25,"Picea",5,500,140000,4,6,4846,0.1,265
"266",4841,11.1420000000001,1.81400000000008,7.32399999999996,1.97000000000003,0.660811334604086,0.25,"Picea",5,50,140000,4,6,4841,0.111111111111111,266
"267",4795,51.685,37.754,11.897,1.99799999999999,0.757669708727253,0.5,"Picea",5,500,35000,4,6,4795,0.1,267
"268",4830,201.995,96.921,103.116,1.91499999999996,0.776131573481511,0.1,"Picea",5,1000,875000,4,6,4830,0.1,268
"269",4842,13.581,0.951000000000022,10.63,1.96400000000006,0.699403921082179,0.1,"Picea",5,50,875000,4,6,4842,0.142857142857143,269
"270",4974,44.1490000000001,32.7529999999999,9.08600000000001,2.27500000000009,0.77232382859784,1,"Picea",5,500,8750,4,9,4974,0.1,270
"271",4986,43.3520000000001,26.261,14.875,2.18499999999995,0.744963791303795,0.25,"Picea",5,500,140000,4,9,4986,0.1,271
"272",4984,77.6689999999999,64.9000000000001,10.953,1.77599999999984,0.769356530498286,0.5,"Picea",5,1000,35000,4,9,4984,0.1,272
"273",4901,9.15600000000001,2.06400000000002,4.89100000000002,2.16899999999998,0.728920702798178,1,"Picea",5,50,8750,4,9,4901,0.1,273
"274",4908,6.673,1.089,3.87300000000005,1.67500000000001,0.660883619473211,0.5,"Picea",5,50,35000,4,9,4908,0.111111111111111,274
"275",4970,86.5909999999999,75.5830000000001,8.95799999999986,2.00199999999995,0.762380957594736,1,"Picea",5,1000,8750,4,9,4970,0.1,275
"276",4918,13.979,0.965000000000032,10.938,2.04699999999997,0.716309328111011,0.1,"Picea",5,50,875000,4,9,4918,0.1,276
"277",4999,82.9569999999999,63.5650000000001,17.653,1.69799999999987,0.771186131081015,0.25,"Picea",5,1000,140000,4,9,4999,0.1,277
"278",4911,75.045,24.573,48.212,2.22699999999998,0.75990813985507,0.1,"Picea",5,500,875000,4,9,4911,0.1,278
"279",4981,42.828,30.8919999999998,9.86200000000008,2.03999999999996,0.766326266551557,0.5,"Picea",5,500,35000,4,9,4981,0.1,279
"280",4939,12.341,2.19399999999996,7.99300000000005,2.125,0.698681349217466,0.25,"Picea",5,50,140000,4,9,4939,0.1,280
"281",4937,186.323,89.292,94.645,2.34299999999996,0.775317324833377,0.1,"Picea",5,1000,875000,4,9,4937,0.1,281
"282",5083,13.6469999999999,4.30899999999997,7.16599999999994,2.1400000000001,0.619121564091818,0.5,"Picea",5,50,35000,4,12,5083,0.1,282
"283",5012,47.739,35.927,8.83500000000001,2.75799999999998,0.749891673280321,1,"Picea",5,500,8750,4,12,5012,0.1,283
"284",5011,38.377,21.544,14.126,2.482,0.743583090651682,0.25,"Picea",5,500,140000,4,12,5011,0.1,284
"285",5013,41.748,30.187,8.96899999999999,2.553,0.753909181051872,0.5,"Picea",5,500,35000,4,12,5013,0.1,285
"286",5103,86.5150000000001,24.5309999999999,60.0740000000001,1.87400000000002,0.750499130657851,0.1,"Picea",5,500,875000,4,12,5103,0.1,286
"287",5051,77.609,67.3000000000001,8.15899999999999,2.11500000000001,0.772391619957619,1,"Picea",5,1000,8750,4,12,5051,0.1,287
"288",5092,7.47700000000009,1.11999999999989,4.52800000000002,1.798,0.6722025611292,1,"Picea",5,50,8750,4,12,5092,0.1,288
"289",5022,11.241,2.28699999999998,6.839,2.08800000000002,0.711805052157001,0.25,"Picea",5,50,140000,4,12,5022,0.142857142857143,289
"290",5065,138.817,109.581,26.54,2.66000000000008,0.766682600264401,0.25,"Picea",5,1000,140000,4,12,5065,0.1,290
"291",5093,25.865,2.05700000000002,21.605,2.17000000000007,0.680660383805442,0.1,"Picea",5,50,875000,4,12,5093,0.1,291
"292",5094,193.904,91.979,99.681,2.19599999999991,0.770961675627245,0.1,"Picea",5,1000,875000,4,12,5094,0.1,292
"293",5101,103.194,87.5049999999999,13.49,2.15900000000011,0.776408246794244,0.5,"Picea",5,1000,35000,4,12,5101,0.1,293
"294",5228,7.39200000000005,1.06299999999987,4.31500000000005,1.98299999999995,0.714892959744963,0.5,"Picea",5,50,35000,4,15,5228,0.1,294
"295",5239,95.3700000000001,83.904,9.66800000000012,1.76800000000003,0.772310880116029,1,"Picea",5,1000,8750,4,15,5239,0.1,295
"296",5155,83.048,56.441,24.413,2.16300000000001,0.758439109578966,0.25,"Picea",5,500,140000,4,15,5155,0.1,296
"297",5134,82.566,26.612,54.28,1.64800000000002,0.763294906224755,0.1,"Picea",5,500,875000,4,15,5134,0.1,297
"298",5178,34.4880000000001,23.522,8.78599999999994,2.14600000000007,0.754483951185723,0.5,"Picea",5,500,35000,4,15,5178,0.1,298
"299",5215,12.0260000000001,2.41000000000008,7.63400000000001,1.95100000000002,0.699179833178928,0.25,"Picea",5,50,140000,4,15,5215,0.1,299
"300",5172,52.807,4.98799999999994,45.7620000000001,2.029,0.665768714996693,0.1,"Picea",5,50,875000,4,15,5172,0.111111111111111,300
"301",5148,159.851,76.486,81.72,1.60899999999998,0.773919758862656,0.1,"Picea",5,1000,875000,4,15,5148,0.1,301
"302",5140,30.813,22.099,6.79199999999997,1.88799999999998,0.746987949447072,1,"Picea",5,500,8750,4,15,5140,0.1,302
"303",5145,84.652,65.711,17.316,1.59100000000001,0.764757265561925,0.25,"Picea",5,1000,140000,4,15,5145,0.1,303
"304",5154,6.42100000000005,0.827999999999975,3.89700000000005,1.66800000000001,0.688672117050055,1,"Picea",5,50,8750,4,15,5154,0.111111111111111,304
"305",5226,86.8239999999998,73.5349999999999,11.2380000000001,2.01299999999992,0.771611750652432,0.5,"Picea",5,1000,35000,4,15,5226,0.1,305
"306",5310,12.1790000000001,2.12299999999982,7.98099999999999,2.04500000000007,0.725815743074604,0.25,"Picea",5,50,140000,4,18,5310,0.125,306
"307",5248,47.361,4.74299999999999,40.254,2.167,0.669358735044234,0.1,"Picea",5,50,875000,4,18,5248,0.1,307
"308",5253,163.049,145.337,15.523,2.15000000000003,0.786025019172376,0.5,"Picea",5,1000,35000,4,18,5253,0.1,308
"309",5267,7.65700000000004,1.50700000000006,4.25399999999991,1.86700000000008,0.725352160565536,1,"Picea",5,50,8750,4,18,5267,0.111111111111111,309
"310",5280,87.396,76.346,8.95400000000006,2.05999999999995,0.767315835028028,1,"Picea",5,1000,8750,4,18,5280,0.1,310
"311",5289,97.4689999999999,75.2879999999999,19.8530000000001,2.29599999999994,0.776067990484519,0.25,"Picea",5,1000,140000,4,18,5289,0.1,311
"312",5305,216.4,108.685,105.57,2.11199999999985,0.779463890479515,0.1,"Picea",5,1000,875000,4,18,5305,0.1,312
"313",5324,141.735,47.6020000000001,92.021,2.08000000000015,0.768354795674142,0.1,"Picea",5,500,875000,4,18,5324,0.1,313
"314",5259,43.861,26.274,15.513,2.03199999999998,0.771384288399782,0.25,"Picea",5,500,140000,4,18,5259,0.1,314
"315",5266,44.749,32.989,9.89700000000005,1.83199999999999,0.764567563661062,0.5,"Picea",5,500,35000,4,18,5266,0.1,315
"316",5362,23.98,16.4299999999999,5.58199999999999,1.94100000000003,0.747363509557598,1,"Picea",5,500,8750,4,18,5362,0.1,316
"317",5347,11.1109999999999,3.04999999999995,5.95700000000011,2.07399999999984,0.678408887431496,0.5,"Picea",5,50,35000,4,18,5347,0.125,317
"318",5470,31.9520000000002,2.80299999999988,27.1730000000002,1.93000000000029,0.693942945246365,0.1,"Picea",5,50,875000,4,21,5470,0.111111111111111,318
"319",5376,41.535,25.379,14.275,1.84100000000001,0.742914514621074,0.25,"Picea",5,500,140000,4,21,5376,0.1,319
"320",5366,106.601,36.808,67.659,1.88200000000001,0.760787087271439,0.1,"Picea",5,500,875000,4,21,5366,0.1,320
"321",5437,176.703,84.3329999999999,90.2269999999999,2.10900000000038,0.781806190758343,0.1,"Picea",5,1000,875000,4,21,5437,0.1,321
"322",5386,115.866,100.38,13.434,2.01300000000003,0.777377920013933,0.5,"Picea",5,1000,35000,4,21,5386,0.1,322
"323",5415,8.76600000000008,1.64599999999996,5.04600000000005,2.04099999999994,0.658900469872309,1,"Picea",5,50,8750,4,21,5415,0.1,323
"324",5420,32.6969999999999,23.0720000000001,7.51900000000001,2.07199999999989,0.750758559469793,1,"Picea",5,500,8750,4,21,5420,0.1,324
"325",5405,103.717,81.1319999999998,20.586,1.9670000000001,0.789243432276644,0.25,"Picea",5,1000,140000,4,21,5405,0.1,325
"326",5444,99.616,88.4059999999999,9.52999999999975,1.64800000000014,0.761430725898059,1,"Picea",5,1000,8750,4,21,5444,0.1,326
"327",5414,68.9929999999999,53.3790000000001,13.498,2.08199999999988,0.767551879818505,0.5,"Picea",5,500,35000,4,21,5414,0.1,327
"328",5387,7.88300000000004,0.932000000000016,4.98199999999997,1.93900000000008,0.646438380505697,0.25,"Picea",5,50,140000,4,21,5387,0.125,328
"329",5403,6.60000000000014,0.920000000000073,3.80899999999997,1.84199999999987,0.699738101925006,0.5,"Picea",5,50,35000,4,21,5403,0.142857142857143,329
"330",5503,41.9059999999999,25.5839999999999,14.4820000000001,1.80999999999995,0.772943330254651,0.25,"Picea",5,500,140000,4,24,5503,0.1,330
"331",5585,83.6849999999999,24.8609999999999,56.5459999999998,2.24200000000019,0.763677449069027,0.1,"Picea",5,500,875000,4,24,5585,0.1,331
"332",5580,21.3670000000002,1.6550000000002,17.7379999999998,1.94300000000021,0.662035622861646,0.1,"Picea",5,50,875000,4,24,5580,0.1,332
"333",5572,159.221,128.001,28.9100000000003,2.25799999999981,0.773214499902953,0.25,"Picea",5,1000,140000,4,24,5572,0.1,333
"334",5579,15.7660000000001,6.57799999999997,7.05499999999984,2.10200000000032,0.721032116336102,1,"Picea",5,50,8750,4,24,5579,0.1,334
"335",5498,41.735,30.193,9.53399999999999,1.97700000000009,0.757571278730634,0.5,"Picea",5,500,35000,4,24,5498,0.1,335
"336",5535,93.1800000000001,79.6980000000001,11.5159999999998,1.93000000000006,0.772697324100849,0.5,"Picea",5,1000,35000,4,24,5535,0.1,336
"337",5564,89.0419999999999,46.5729999999999,39.8980000000001,2.52599999999984,0.681111172551766,0.25,"Picea",5,50,140000,4,24,5564,0.111111111111111,337
"338",5536,39.7339999999999,29.643,7.97000000000003,2.08500000000004,0.765703616321308,1,"Picea",5,500,8750,4,24,5536,0.1,338
"339",5512,124.276,110.366,11.8029999999999,2.07000000000016,0.774966493460988,1,"Picea",5,1000,8750,4,24,5512,0.1,339
"340",5534,200.058,98.7180000000001,99.1600000000001,2.14400000000001,0.763339670896918,0.1,"Picea",5,1000,875000,4,24,5534,0.1,340
"341",5500,12.014,3.30799999999999,6.65800000000002,2.01699999999994,0.667259169875896,0.5,"Picea",5,50,35000,4,24,5500,0.1,341
"342",5642,34.8030000000001,20.7670000000001,12.508,1.49900000000002,0.749067013224073,0.25,"Picea",5,500,140000,6,6,5642,0.1,342
"343",5613,40.457,28.736,10.0129999999999,1.678,0.769720901484951,0.5,"Picea",5,500,35000,6,6,5613,0.1,343
"344",5687,152.132,75.5870000000004,75,1.50899999999956,0.782698988433377,0.1,"Picea",5,1000,875000,6,6,5687,0.1,344
"345",5662,8.34800000000041,2.52700000000004,4.3090000000002,1.48000000000002,0.697182182816017,1,"Picea",5,50,8750,6,6,5662,0.125,345
"346",5669,11.5819999999999,0.851999999999862,9.24000000000024,1.46299999999974,0.715660042336149,0.1,"Picea",5,50,875000,6,6,5669,0.1,346
"347",5628,22.375,14.877,5.87400000000002,1.59100000000012,0.754064315726135,1,"Picea",5,500,8750,6,6,5628,0.1,347
"348",5625,126.148,110.221,14.1360000000002,1.75699999999983,0.777286712183679,0.5,"Picea",5,1000,35000,6,6,5625,0.1,348
"349",5606,9.40499999999997,1.58500000000004,6.125,1.66599999999994,0.684481157524685,0.25,"Picea",5,50,140000,6,6,5606,0.125,349
"350",5677,82.9899999999998,26.558,54.634,1.76699999999983,0.749956977827868,0.1,"Picea",5,500,875000,6,6,5677,0.111111111111111,350
"351",5668,7.63499999999976,1.49600000000009,4.61400000000003,1.49699999999984,0.727756310068136,0.5,"Picea",5,50,35000,6,6,5668,0.1,351
"352",5645,88.2170000000001,68.8380000000002,17.7949999999996,1.55500000000029,0.768179134841208,0.25,"Picea",5,1000,140000,6,6,5645,0.1,352
"353",5694,105.321,92.7759999999998,10.52,1.98700000000008,0.783693254616298,1,"Picea",5,1000,8750,6,6,5694,0.1,353
"354",5783,14.6149999999998,3.24399999999969,9.31700000000001,2.02300000000014,0.664760369419094,0.25,"Picea",5,50,140000,6,9,5783,0.111111111111111,354
"355",5749,36.913,26.9870000000001,7.89300000000003,1.99599999999987,0.764930261535694,1,"Picea",5,500,8750,6,9,5749,0.1,355
"356",5820,10.6079999999993,2.96699999999964,5.55500000000029,2.03799999999956,0.735282623703022,1,"Picea",5,50,8750,6,9,5820,0.125,356
"357",5721,169.14,81.165,86.095,1.84199999999998,0.762362837983232,0.1,"Picea",5,1000,875000,6,9,5721,0.1,357
"358",5790,129.924,103.83,24.0800000000004,1.97599999999966,0.780503829631192,0.25,"Picea",5,1000,140000,6,9,5790,0.1,358
"359",5815,28.415,18.4650000000001,8.02599999999984,1.89000000000033,0.743711214502807,0.5,"Picea",5,500,35000,6,9,5815,0.1,359
"360",5732,37.889,3.70300000000009,32.333,1.82399999999996,0.690383711658553,0.1,"Picea",5,50,875000,6,9,5732,0.1,360
"361",5789,98.6610000000001,86.1620000000003,10.4580000000001,2.00399999999991,0.769429089783755,1,"Picea",5,1000,8750,6,9,5789,0.1,361
"362",5799,48.4749999999999,29.8180000000002,16.6799999999998,1.94200000000001,0.744202540653435,0.25,"Picea",5,500,140000,6,9,5799,0.1,362
"363",5784,139.9,122.792,14.9189999999999,2.15000000000009,0.78709753103207,0.5,"Picea",5,1000,35000,6,9,5784,0.1,363
"364",5746,7.72199999999998,1.13699999999994,4.48400000000015,2.06799999999998,0.687030383155579,0.5,"Picea",5,50,35000,6,9,5746,0.111111111111111,364
"365",5767,86.2280000000001,24.886,59.2739999999999,2.03400000000011,0.757647897735019,0.1,"Picea",5,500,875000,6,9,5767,0.1,365
"366",5828,116.3,103.904,10.4150000000001,1.94399999999996,0.773970300106145,1,"Picea",5,1000,8750,6,12,5828,0.1,366
"367",5829,7.548,1.33199999999999,4.28399999999999,1.90200000000004,0.716536375564357,1,"Picea",5,50,8750,6,12,5829,0.111111111111111,367
"368",5853,27.4750000000001,2.46100000000001,22.873,2.1110000000001,0.701215719669101,0.1,"Picea",5,50,875000,6,12,5853,0.111111111111111,368
"369",5833,31.599,21.324,8.22400000000005,2.01599999999996,0.742088475293679,0.5,"Picea",5,500,35000,6,12,5833,0.1,369
"370",5890,167.865,80.4720000000002,85.3409999999999,2.01700000000028,0.774304378760523,0.1,"Picea",5,1000,875000,6,12,5890,0.1,370
"371",5899,8.57400000000007,1.71399999999994,4.85300000000007,1.97699999999986,0.685827203278081,0.5,"Picea",5,50,35000,6,12,5899,0.111111111111111,371
"372",5879,86.7150000000001,73.2470000000003,11.2939999999999,2.13599999999997,0.765512375801302,0.5,"Picea",5,1000,35000,6,12,5879,0.1,372
"373",5941,57.0900000000001,34.7460000000001,19.6189999999997,2.69200000000001,0.759758622433161,0.25,"Picea",5,500,140000,6,12,5941,0.1,373
"374",5849,53.7659999999998,41.9659999999999,9.60300000000007,2.14899999999989,0.768646648831161,1,"Picea",5,500,8750,6,12,5849,0.1,374
"375",5928,95.277,31.3300000000008,61.7909999999993,2.11999999999989,0.766408775261013,0.1,"Picea",5,500,875000,6,12,5928,0.1,375
"376",5873,13.633,2.70100000000002,8.75300000000016,2.14699999999993,0.675511775480598,0.25,"Picea",5,50,140000,6,12,5873,0.111111111111111,376
"377",5937,94.0340000000001,73.5160000000001,18.9769999999999,1.51000000000022,0.773981253097628,0.25,"Picea",5,1000,140000,6,12,5937,0.1,377
"378",5993,88.671,78.0619999999999,8.64200000000005,1.92800000000011,0.787642687859898,1,"Picea",5,1000,8750,6,15,5993,0.1,378
"379",6052,145.265,68.2690000000002,75.2309999999998,1.73400000000038,0.775759887903904,0.1,"Picea",5,1000,875000,6,15,6052,0.1,379
"380",5962,9.21600000000001,1.38800000000003,5.97400000000005,1.827,0.718316892239225,0.25,"Picea",5,50,140000,6,15,5962,0.1,380
"381",5976,85.4580000000001,27.168,56.45,1.81100000000004,0.769948566046656,0.1,"Picea",5,500,875000,6,15,5976,0.1,381
"382",5947,8.947,2.55399999999997,4.779,1.589,0.728740126469356,1,"Picea",5,50,8750,6,15,5947,0.111111111111111,382
"383",5949,29.576,20.78,7.31800000000004,1.452,0.764938573614277,0.5,"Picea",5,500,35000,6,15,5949,0.111111111111111,383
"384",6029,59.6590000000001,38.1860000000001,19.4920000000002,1.94399999999996,0.768660304269027,0.25,"Picea",5,500,140000,6,15,6029,0.1,384
"385",5983,129.383,103.53,24.0159999999998,1.80700000000002,0.778585268530321,0.25,"Picea",5,1000,140000,6,15,5983,0.1,385
"386",6045,38.3959999999997,29.1890000000003,7.28600000000006,1.88900000000012,0.7596738612598,1,"Picea",5,500,8750,6,15,6045,0.111111111111111,386
"387",5955,7,1.142,4.19,1.64400000000001,0.70262876440914,0.5,"Picea",5,50,35000,6,15,5955,0.111111111111111,387
"388",6035,11.8180000000002,0.901000000000295,9.19499999999971,1.69300000000021,0.693668572438673,0.1,"Picea",5,50,875000,6,15,6035,0.142857142857143,388
"389",6007,101.804,85.6419999999998,13.837,2.28400000000011,0.766997302763189,0.5,"Picea",5,1000,35000,6,15,6007,0.111111111111111,389
"390",6097,11.886,2.35599999999999,7.89799999999991,1.60799999999995,0.702829134154104,0.25,"Picea",5,50,140000,6,18,6097,0.111111111111111,390
"391",6170,63.4529999999995,48.5069999999996,12.7980000000007,2.11399999999958,0.756695133882934,0.5,"Picea",5,500,35000,6,18,6170,0.1,391
"392",6104,75.6560000000002,23.3020000000001,50.4009999999998,1.92100000000028,0.765964366820507,0.1,"Picea",5,500,875000,6,18,6104,0.1,392
"393",6110,33.4339999999997,19.0549999999998,12.3490000000002,1.97599999999966,0.757943602275781,0.25,"Picea",5,500,140000,6,18,6110,0.1,393
"394",6173,128.688,101.516000000001,24.9979999999996,2.13400000000001,0.768955857319401,0.25,"Picea",5,1000,140000,6,18,6173,0.1,394
"395",6153,201.506,100.941,98.297,2.22400000000016,0.768602966664412,0.1,"Picea",5,1000,875000,6,18,6153,0.1,395
"396",6101,43.1219999999998,32.973,8.2829999999999,1.83699999999999,0.742998348832869,1,"Picea",5,500,8750,6,18,6101,0.1,396
"397",6131,7.44500000000016,1.12000000000035,4.3449999999998,1.94900000000007,0.693348566963218,0.5,"Picea",5,50,35000,6,18,6131,0.1,397
"398",6100,99.8779999999999,88.1859999999999,9.97199999999998,1.69100000000003,0.783486318899879,1,"Picea",5,1000,8750,6,18,6100,0.1,398
"399",6088,27.4179999999999,2.28400000000011,23.2539999999999,1.85099999999989,0.697858048013827,0.1,"Picea",5,50,875000,6,18,6088,0.1,399
"400",6127,80.4069999999997,66.6660000000002,11.5729999999999,2.13400000000001,0.769418464582482,0.5,"Picea",5,1000,35000,6,18,6127,0.1,400
"401",6161,8.52999999999975,1.79899999999998,4.55000000000018,2.15199999999913,0.673231055392747,1,"Picea",5,50,8750,6,18,6161,0.111111111111111,401
"402",6181,83.0359999999999,24.014,56.921,2.06899999999996,0.74441293289964,0.1,"Picea",5,500,875000,6,21,6181,0.1,402
"403",6201,89.835,76.3049999999998,11.4639999999999,2.02900000000022,0.770843252059652,0.5,"Picea",5,1000,35000,6,21,6201,0.1,403
"404",6219,87.482,67.4940000000001,18.0929999999998,1.86400000000003,0.774555743151273,0.25,"Picea",5,1000,140000,6,21,6219,0.1,404
"405",6191,8.43399999999997,1.99100000000021,4.40599999999995,2.00900000000001,0.679647083998719,1,"Picea",5,50,8750,6,21,6191,0.1,405
"406",6275,37.223,21.2439999999997,13.9279999999999,2.01900000000023,0.76123433434814,0.25,"Picea",5,500,140000,6,21,6275,0.1,406
"407",6243,84.2459999999996,73.9850000000001,8.29499999999962,1.93299999999999,0.771546346977075,1,"Picea",5,1000,8750,6,21,6243,0.1,407
"408",6205,192.837,94.768,95.8329999999999,2.20100000000002,0.767534101616509,0.1,"Picea",5,1000,875000,6,21,6205,0.1,408
"409",6188,26.683,18.2809999999999,6.34500000000003,2.02800000000002,0.754432072145287,1,"Picea",5,500,8750,6,21,6188,0.1,409
"410",6264,44.3209999999999,32.4050000000007,9.87100000000009,2.01599999999962,0.767673042144683,0.5,"Picea",5,500,35000,6,21,6264,0.1,410
"411",6252,11.8359999999998,3.5949999999998,6.48199999999997,1.73399999999992,0.682058355243805,0.5,"Picea",5,50,35000,6,21,6252,0.111111111111111,411
"412",6199,8.09900000000016,0.936999999999898,5.15300000000002,1.97600000000011,0.658938513844945,0.25,"Picea",5,50,140000,6,21,6199,0.1,412
"413",6251,24.5340000000001,2.00800000000027,20.7949999999996,1.68900000000031,0.686321309143138,0.1,"Picea",5,50,875000,6,21,6251,0.1,413
"414",6293,12.431,2.863,7.38400000000001,1.96600000000001,0.679134411272338,0.25,"Picea",5,50,140000,6,24,6293,0.1,414
"415",6328,82.8500000000001,26.8420000000001,53.9639999999999,1.99900000000002,0.763915899921292,0.1,"Picea",5,500,875000,6,24,6328,0.1,415
"416",6386,56.1899999999996,36.3910000000001,17.6199999999999,2.14599999999973,0.757717062403513,0.25,"Picea",5,500,140000,6,24,6386,0.1,416
"417",6341,8.01500000000033,1.79099999999971,4.63400000000001,1.56200000000035,0.703135972828907,1,"Picea",5,50,8750,6,24,6341,0.1,417
"418",6363,54.913,42.6370000000002,10.0129999999999,2.22899999999981,0.753424353553077,1,"Picea",5,500,8750,6,24,6363,0.1,418
"419",6391,28.9089999999997,19.1790000000001,7.58100000000013,2.11499999999978,0.75613427041693,0.5,"Picea",5,500,35000,6,24,6391,0.1,419
"420",6329,69.29,59.164,8.26300000000015,1.827,0.762272671001489,1,"Picea",5,1000,8750,6,24,6329,0.1,420
"421",6305,23.506,1.68299999999999,19.653,2.14099999999996,0.723016960450304,0.1,"Picea",5,50,875000,6,24,6305,0.1,421
"422",6356,100.542,77.2249999999999,21.2800000000002,2.00099999999975,0.778998835675774,0.25,"Picea",5,1000,140000,6,24,6356,0.1,422
"423",6314,10.0409999999999,2.26300000000003,5.80200000000002,1.94499999999994,0.71952912091883,0.5,"Picea",5,50,35000,6,24,6314,0.1,423
"424",6398,181.903,87.0630000000001,92.8000000000002,2.00399999999991,0.778427369365851,0.1,"Picea",5,1000,875000,6,24,6398,0.1,424
"425",6364,85.8380000000002,72.0879999999997,11.7760000000003,1.93899999999985,0.77287558409521,0.5,"Picea",5,1000,35000,6,24,6364,0.1,425
"426",6422,109.557,97.575,10.226,1.726,0.776509965171669,1,"Picea",5,1000,8750,6,27,6422,0.1,426
"427",6448,33.694,24.1759999999999,7.57500000000005,1.91399999999999,0.758689311325624,1,"Picea",5,500,8750,6,27,6448,0.1,427
"428",6503,49.3249999999998,36.4300000000003,10.8379999999997,2.02199999999993,0.759354925377238,0.5,"Picea",5,500,35000,6,27,6503,0.1,428
"429",6497,97.96,75.8640000000005,20.0509999999995,2.01100000000042,0.762851211298918,0.25,"Picea",5,1000,140000,6,27,6497,0.1,429
"430",6456,93.2750000000001,26.491,64.7060000000001,2.03600000000006,0.734722128540816,0.1,"Picea",5,500,875000,6,27,6456,0.1,430
"431",6444,166.654,78.7270000000001,85.931,1.96000000000004,0.759958597527357,0.1,"Picea",5,1000,875000,6,27,6444,0.1,431
"432",6455,22.0789999999997,9.75099999999975,10.3450000000003,1.94999999999982,0.713605138660157,0.5,"Picea",5,50,35000,6,27,6455,0.1,432
"433",6518,8.38199999999961,1.79500000000007,4.61999999999989,1.9369999999999,0.707812772974376,1,"Picea",5,50,8750,6,27,6518,0.125,433
"434",6509,9.80200000000059,1.39699999999993,6.40500000000065,1.96900000000005,0.678006226460279,0.25,"Picea",5,50,140000,6,27,6509,0.1,434
"435",6491,134.265,117.453,14.6100000000001,2.16499999999996,0.781126916163678,0.5,"Picea",5,1000,35000,6,27,6491,0.1,435
"436",6489,27.6840000000002,2.1869999999999,23.3760000000002,2.08899999999994,0.658992735074881,0.1,"Picea",5,50,875000,6,27,6489,0.111111111111111,436
"437",6443,41.3489999999999,24.8700000000001,14.499,1.94899999999984,0.759373215393581,0.25,"Picea",5,500,140000,6,27,6443,0.1,437
"438",6530,9.77199999999999,2.655,5.09799999999998,1.82599999999999,0.69616937950441,0.5,"Picea",5,50,35000,6,30,6530,0.1,438
"439",6531,10.657,3.65000000000001,5.19999999999999,1.78100000000001,0.724747681340529,1,"Picea",5,50,8750,6,30,6531,0.111111111111111,439
"440",6556,34.404,24.741,7.56999999999994,2.05600000000004,0.756649512367203,1,"Picea",5,500,8750,6,30,6556,0.1,440
"441",6631,112.785,100.266,10.4430000000002,2.03799999999956,0.774076206334585,1,"Picea",5,1000,8750,6,30,6631,0.1,441
"442",6594,38.8609999999999,23.1059999999998,13.7809999999999,1.94300000000021,0.77239799081104,0.25,"Picea",5,500,140000,6,30,6594,0.1,442
"443",6634,128.154,111.049,15.0690000000004,2.0010000000002,0.787260168464508,0.5,"Picea",5,1000,35000,6,30,6634,0.1,443
"444",6610,7.76299999999992,1.10099999999966,4.9380000000001,1.69599999999991,0.702305891846571,0.25,"Picea",5,50,140000,6,30,6610,0.1,444
"445",6548,47.436,34.354,10.947,2.09799999999996,0.75863708737791,0.5,"Picea",5,500,35000,6,30,6548,0.1,445
"446",6637,119.756,39.6399999999994,78.0640000000003,2.01500000000033,0.763571670583092,0.1,"Picea",5,500,875000,6,30,6637,0.1,446
"447",6545,206.542,99.852,104.502,2.14999999999998,0.768819959283022,0.1,"Picea",5,1000,875000,6,30,6545,0.1,447
"448",6588,131.424,104.26,25.1240000000003,2.00300000000016,0.782347612537427,0.25,"Picea",5,1000,140000,6,30,6588,0.1,448
"449",6640,17.4050000000007,1.34200000000055,14.0419999999995,1.98000000000047,0.696629085214452,0.1,"Picea",5,50,875000,6,30,6640,0.111111111111111,449
"450",6721,32.165,22.3449999999998,8.01400000000012,1.77599999999984,0.759130077367006,0.5,"Picea",5,500,35000,6,33,6721,0.1,450
"451",6653,10.809,1.68399999999997,7.03000000000003,2.06200000000001,0.699064026050451,0.25,"Picea",5,50,140000,6,33,6653,0.1,451
"452",6737,93.9650000000001,72.5389999999998,19.451,1.93099999999959,0.762337434209952,0.25,"Picea",5,1000,140000,6,33,6737,0.1,452
"453",6761,40.308,23.415,14.7839999999997,2.07400000000052,0.764134110226025,0.25,"Picea",5,500,140000,6,33,6761,0.1,453
"454",6750,28.3299999999999,2.23900000000049,23.7969999999996,2.26199999999972,0.705978146655856,0.1,"Picea",5,50,875000,6,33,6750,0.125,454
"455",6759,87.0680000000002,73.8689999999997,11.308,1.84600000000046,0.771367467878115,0.5,"Picea",5,1000,35000,6,33,6759,0.1,455
"456",6697,10.2520000000004,2.02700000000004,6.02100000000019,2.17200000000003,0.686587781625829,0.5,"Picea",5,50,35000,6,33,6697,0.111111111111111,456
"457",6661,201.799,97.866,101.615,2.279,0.766601692483734,0.1,"Picea",5,1000,875000,6,33,6661,0.1,457
"458",6747,9.40599999999995,2.36699999999928,4.92200000000048,2.08799999999974,0.719265063827337,1,"Picea",5,50,8750,6,33,6747,0.1,458
"459",6673,102.899,89.8489999999999,10.8010000000002,2.21399999999994,0.770921338187996,1,"Picea",5,1000,8750,6,33,6673,0.1,459
"460",6725,76.5520000000001,21.2759999999998,53.1080000000002,2.13400000000001,0.755428894345573,0.1,"Picea",5,500,875000,6,33,6725,0.1,460
"461",6701,27.924,19.194,6.52700000000004,2.17099999999982,0.754167889752412,1,"Picea",5,500,8750,6,33,6701,0.1,461
"462",6807,21.2539999999999,1.654,17.6010000000001,1.96899999999982,0.710451509138531,0.1,"Picea",5,50,875000,6,36,6807,0.1,462
"463",6826,22.2660000000001,14.0320000000002,6.5949999999998,1.61099999999988,0.754151009142255,0.5,"Picea",5,500,35000,6,36,6826,0.1,463
"464",6839,9.46900000000005,2.23500000000013,5.45299999999997,1.7510000000002,0.724225088208624,0.5,"Picea",5,50,35000,6,36,6839,0.111111111111111,464
"465",6769,86.287,25.307,58.429,2.34800000000001,0.747053317552941,0.1,"Picea",5,500,875000,6,36,6769,0.1,465
"466",6838,11.0160000000001,1.96799999999985,6.89800000000014,2.11900000000014,0.654761904761905,0.25,"Picea",5,50,140000,6,36,6838,0.1,466
"467",6771,27.92,19.557,6.173,2.15699999999998,0.752292302579745,1,"Picea",5,500,8750,6,36,6771,0.1,467
"468",6831,34.5520000000001,20.1950000000002,12.1979999999999,2.1260000000002,0.749187306323355,0.25,"Picea",5,500,140000,6,36,6831,0.1,468
"469",6882,58.0599999999995,47.8939999999993,8.56800000000021,1.55799999999999,0.773355703310795,0.5,"Picea",5,1000,35000,6,36,6882,0.1,469
"470",6852,120.879,107.404,11.4590000000003,1.9689999999996,0.783417396944436,1,"Picea",5,1000,8750,6,36,6852,0.1,470
"471",6862,7.846,1.92000000000007,4.04300000000012,1.85300000000007,0.717233814995776,1,"Picea",5,50,8750,6,36,6862,0.1,471
"472",6795,132.343,105.605,24.8889999999999,1.81600000000003,0.773597494617526,0.25,"Picea",5,1000,140000,6,36,6795,0.1,472
"473",6863,157.106,72.886,81.96,2.22800000000007,0.773499287597462,0.1,"Picea",5,1000,875000,6,36,6863,0.1,473
"474",6938,13.0070000000001,0.844000000000051,10.2950000000001,1.83899999999994,0.6515497421981,0.1,"Picea",5,50,875000,6,39,6938,0.125,474
"475",6908,91.075,77.2479999999998,11.7630000000001,2.02700000000004,0.760912829309056,0.5,"Picea",5,1000,35000,6,39,6908,0.1,475
"476",6942,35.3320000000003,20.7599999999998,12.6710000000003,1.87300000000005,0.757697188887871,0.25,"Picea",5,500,140000,6,39,6942,0.1,476
"477",6917,6.78899999999999,0.939999999999827,3.90100000000007,1.92200000000003,0.667850841269703,0.5,"Picea",5,50,35000,6,39,6917,0.1,477
"478",6975,7.39400000000023,1.16800000000057,4.0600000000004,2.13699999999972,0.668428345209818,1,"Picea",5,50,8750,6,39,6975,0.111111111111111,478
"479",6956,148.965,69.7290000000003,77.1889999999999,2.01000000000022,0.777622090369694,0.1,"Picea",5,1000,875000,6,39,6956,0.1,479
"480",6996,39.6709999999994,28.491,8.875,2.27300000000014,0.773256049841906,0.5,"Picea",5,500,35000,6,39,6996,0.1,480
"481",6911,115.329,102.567,10.4680000000001,2.25800000000004,0.769284652548452,1,"Picea",5,1000,8750,6,39,6911,0.1,481
"482",6974,108.078,83.8279999999995,22.0960000000005,2.11899999999969,0.765632802000651,0.25,"Picea",5,1000,140000,6,39,6974,0.1,482
"483",6945,11.0119999999997,2.03600000000006,6.91300000000001,2.03499999999985,0.693415995012822,0.25,"Picea",5,50,140000,6,39,6945,0.1,483
"484",6968,120.797,36.6889999999999,81.9580000000001,2.11599999999999,0.769691496288151,0.1,"Picea",5,500,875000,6,39,6968,0.1,484
"485",6973,41.2349999999997,30.076,8.88900000000012,2.23399999999947,0.756562140479346,1,"Picea",5,500,8750,6,39,6973,0.1,485
"486",7111,28.5479999999998,16.152,10.6890000000003,1.67699999999968,0.765491078220426,0.25,"Picea",5,500,140000,8,9,7111,0.1,486
"487",7069,64.6730000000002,53.3900000000003,9.63699999999972,1.61500000000024,0.773900999638685,0.5,"Picea",5,1000,35000,8,9,7069,0.1,487
"488",7039,77.8019999999999,67.835,8.39499999999998,1.53800000000001,0.77455653418839,1,"Picea",5,1000,8750,8,9,7039,0.1,488
"489",7085,6.28699999999981,0.960000000000036,3.70499999999993,1.5920000000001,0.725944161119056,1,"Picea",5,50,8750,8,9,7085,0.142857142857143,489
"490",7007,14.491,0.975000000000023,12.0079999999999,1.48099999999999,0.667055547882902,0.1,"Picea",5,50,875000,8,9,7007,0.1,490
"491",7106,74.7349999999997,56.4930000000004,16.4989999999998,1.70899999999983,0.779693231181765,0.25,"Picea",5,1000,140000,8,9,7106,0.1,491
"492",7009,12.045,3.70100000000002,6.61699999999996,1.69200000000001,0.65147215427643,0.5,"Picea",5,50,35000,8,9,7009,0.142857142857143,492
"493",7089,79.9400000000005,25.6620000000003,52.6719999999996,1.57700000000023,0.757669215469991,0.1,"Picea",5,500,875000,8,9,7089,0.1,493
"494",7079,27.846,18.5370000000003,7.60899999999992,1.66899999999987,0.74525773957665,0.5,"Picea",5,500,35000,8,9,7079,0.1,494
"495",7019,24.663,8.56100000000004,14.582,1.49199999999996,0.703476983264258,0.25,"Picea",5,50,140000,8,9,7019,0.1,495
"496",7048,23.6079999999997,16.0500000000002,6.03499999999985,1.49400000000014,0.756278026590231,1,"Picea",5,500,8750,8,9,7048,0.1,496
"497",7055,127.548,59.2170000000001,66.77,1.53099999999995,0.784484497483091,0.1,"Picea",5,1000,875000,8,9,7055,0.1,497
"498",7115,18.244,1.59999999999999,14.674,1.80699999999999,0.712749612928354,0.1,"Picea",5,50,875000,8,12,7115,0.1,498
"499",7116,34.43,19.915,12.48,1.83099999999999,0.746162974869582,0.25,"Picea",5,500,140000,8,12,7116,0.1,499
"500",7213,70.04,58.9610000000002,9.30799999999999,1.73999999999978,0.778907151020289,1,"Picea",5,1000,8750,8,12,7213,0.1,500
"501",7219,7.55200000000059,1.19900000000052,4.68599999999969,1.63900000000012,0.701144702840353,0.5,"Picea",5,50,35000,8,12,7219,0.1,501
"502",7139,7.78800000000001,1.60200000000009,4.23799999999983,1.92200000000003,0.616075349694039,1,"Picea",5,50,8750,8,12,7139,0.111111111111111,502
"503",7181,8.78800000000001,1.28400000000011,5.88499999999976,1.58800000000019,0.704704413065302,0.25,"Picea",5,50,140000,8,12,7181,0.125,503
"504",7175,88.8600000000001,28.5620000000004,58.6209999999996,1.63600000000042,0.747802417978735,0.1,"Picea",5,500,875000,8,12,7175,0.1,504
"505",7212,186.928,94.0259999999998,90.9920000000002,1.8739999999998,0.776393068942725,0.1,"Picea",5,1000,875000,8,12,7212,0.0909090909090909,505
"506",7169,26.2130000000002,18.0609999999997,6.54500000000007,1.57700000000023,0.737394604421301,1,"Picea",5,500,8750,8,12,7169,0.1,506
"507",7133,35.085,24.8430000000001,8.69100000000003,1.52199999999993,0.764566709496041,0.5,"Picea",5,500,35000,8,12,7133,0.1,507
"508",7132,66.355,54.4109999999999,10.287,1.62900000000002,0.774558270959183,0.5,"Picea",5,1000,35000,8,12,7132,0.1,508
"509",7188,108.681,85.8620000000001,21.2759999999998,1.51200000000017,0.786824975998013,0.25,"Picea",5,1000,140000,8,12,7188,0.1,509
"510",7236,30.389,18.069,10.56,1.73099999999999,0.753319061675838,0.25,"Picea",5,500,140000,8,15,7236,0.1,510
"511",7277,9.60399999999981,2.25199999999995,5.22000000000025,2.09999999999991,0.725089501561769,1,"Picea",5,50,8750,8,15,7277,0.1,511
"512",7303,6.6239999999998,1.00700000000006,3.82400000000007,1.76800000000003,0.659399949483302,0.5,"Picea",5,50,35000,8,15,7303,0.111111111111111,512
"513",7250,74.148,24.477,47.8710000000001,1.77399999999989,0.76979202702659,0.1,"Picea",5,500,875000,8,15,7250,0.1,513
"514",7348,160.488,80.0410000000002,78.6700000000001,1.73999999999978,0.787742738930696,0.1,"Picea",5,1000,875000,8,15,7348,0.1,514
"515",7329,77.3670000000002,65.4709999999995,10.1450000000004,1.72299999999996,0.778761599147971,0.5,"Picea",5,1000,35000,8,15,7329,0.1,515
"516",7335,70.96,53.8390000000009,15.4199999999992,1.66700000000037,0.764104861376401,0.25,"Picea",5,1000,140000,8,15,7335,0.1,516
"517",7255,15.4349999999999,1.10899999999992,12.6290000000001,1.66300000000001,0.673028710990502,0.1,"Picea",5,50,875000,8,15,7255,0.1,517
"518",7325,7.29399999999987,0.92699999999968,4.7480000000005,1.59299999999985,0.713539008473241,0.25,"Picea",5,50,140000,8,15,7325,0.1,518
"519",7340,105.155000000001,93.366,10.076,1.68100000000049,0.772878012850585,1,"Picea",5,1000,8750,8,15,7340,0.1,519
"520",7260,44.5450000000001,32.4260000000002,10.1889999999999,1.90000000000009,0.754009449537922,0.5,"Picea",5,500,35000,8,15,7260,0.1,520
"521",7282,47.9559999999997,36.8429999999998,8.97800000000007,2.09999999999991,0.759522120659391,1,"Picea",5,500,8750,8,15,7282,0.1,521
"522",7458,12.2759999999998,3.90700000000015,6.51900000000023,1.82099999999991,0.699298155810511,0.5,"Picea",5,50,35000,8,18,7458,0.111111111111111,522
"523",7416,17.7710000000002,11.2089999999998,4.95600000000013,1.57799999999997,0.756482443753632,1,"Picea",5,500,8750,8,18,7416,0.1,523
"524",7443,106.442999999999,92.1299999999992,12.6030000000001,1.67900000000009,0.786824297063949,0.5,"Picea",5,1000,35000,8,18,7443,0.1,524
"525",7441,98.8850000000002,86.9240000000009,9.93099999999959,1.99600000000009,0.772658725616231,1,"Picea",5,1000,8750,8,18,7441,0.1,525
"526",7370,110.786,87.271,21.867,1.61800000000017,0.775561633503763,0.25,"Picea",5,1000,140000,8,18,7370,0.1,526
"527",7358,135.514,62.143,71.68,1.661,0.761804291448502,0.1,"Picea",5,1000,875000,8,18,7358,0.1,527
"528",7429,7.24000000000069,0.843000000000757,4.60699999999997,1.76299999999992,0.672668428206714,0.25,"Picea",5,50,140000,8,18,7429,0.142857142857143,528
"529",7418,6.87699999999995,1.15100000000029,3.80699999999979,1.88000000000011,0.679394901807005,1,"Picea",5,50,8750,8,18,7418,0.125,529
"530",7448,85.2560000000003,27.2020000000002,56.0209999999997,2,0.770661546288202,0.1,"Picea",5,500,875000,8,18,7448,0.1,530
"531",7397,23.056,2.20199999999977,19.002,1.82300000000032,0.714549407795595,0.1,"Picea",5,50,875000,8,18,7397,0.1,531
"532",7452,43.2929999999997,31.7550000000001,9.74099999999999,1.76499999999942,0.744893938261783,0.5,"Picea",5,500,35000,8,18,7452,0.1,532
"533",7428,36.076,21.4350000000004,12.9459999999999,1.66399999999976,0.762231271399433,0.25,"Picea",5,500,140000,8,18,7428,0.1,533
"534",7474,11.128,3.09799999999996,6.202,1.80200000000002,0.636066471524997,0.5,"Picea",5,50,35000,8,21,7474,0.1,534
"535",7493,8.92100000000005,1.40900000000011,5.91899999999987,1.56500000000005,0.710585665690503,0.25,"Picea",5,50,140000,8,21,7493,0.125,535
"536",7569,71.2759999999998,58.576,10.9210000000003,1.74399999999969,0.776361457815636,0.5,"Picea",5,1000,35000,8,21,7569,0.1,536
"537",7509,96.3800000000001,73.4490000000001,21.1199999999999,1.77500000000009,0.774658408284738,0.25,"Picea",5,1000,140000,8,21,7509,0.1,537
"538",7580,23.643,1.92200000000048,19.6409999999996,2.05200000000059,0.700505283763565,0.1,"Picea",5,50,875000,8,21,7580,0.111111111111111,538
"539",7578,66.0840000000007,19.1679999999997,44.8829999999998,2.00400000000081,0.749074102562976,0.1,"Picea",5,500,875000,8,21,7578,0.1,539
"540",7562,95.4839999999995,82.7429999999995,10.9940000000006,1.71099999999933,0.785525958081207,1,"Picea",5,1000,8750,8,21,7562,0.1,540
"541",7513,27.6579999999999,18.3020000000001,7.52500000000009,1.79700000000003,0.758071127175569,0.5,"Picea",5,500,35000,8,21,7513,0.1,541
"542",7553,37.393,21.1770000000006,14.3409999999994,1.84000000000015,0.761051500001789,0.25,"Picea",5,500,140000,8,21,7553,0.1,542
"543",7538,11.3049999999994,3.0679999999993,6.13400000000001,2.07099999999991,0.698421069819084,1,"Picea",5,50,8750,8,21,7538,0.1,543
"544",7518,196.735,95.0329999999999,99.7719999999999,1.89499999999998,0.78112651344253,0.1,"Picea",5,1000,875000,8,21,7518,0.1,544
"545",7516,40.3420000000001,30.857,7.45000000000027,2.00399999999991,0.761595898960126,1,"Picea",5,500,8750,8,21,7516,0.1,545
"546",7658,6.44599999999991,0.980999999999767,3.91799999999967,1.51900000000023,0.672627982132788,1,"Picea",5,50,8750,8,24,7658,0.1,546
"547",7588,29.784,20.977,7.00799999999998,1.76800000000003,0.761037863739656,1,"Picea",5,500,8750,8,24,7588,0.1,547
"548",7646,34.0829999999996,24.3589999999999,8.1880000000001,1.50999999999976,0.769196811908266,0.5,"Picea",5,500,35000,8,24,7646,0.1,548
"549",7634,16.087,1.20999999999958,13.0820000000003,1.76999999999998,0.717039040635339,0.1,"Picea",5,50,875000,8,24,7634,0.1,549
"550",7595,106.956,49.234,56.044,1.649,0.76813081659955,0.1,"Picea",5,1000,875000,8,24,7595,0.1,550
"551",7594,100.146,86.8920000000001,11.598,1.61700000000008,0.770603805943352,0.5,"Picea",5,1000,35000,8,24,7594,0.1,551
"552",7592,75.577,65.609,8.31799999999998,1.62099999999998,0.770999373996511,1,"Picea",5,1000,8750,8,24,7592,0.1,552
"553",7593,66.7969999999999,18.542,46.475,1.75299999999993,0.763372292968146,0.1,"Picea",5,500,875000,8,24,7593,0.1,553
"554",7632,48.9900000000002,31.2870000000003,16.1609999999996,1.51500000000033,0.757784510772449,0.25,"Picea",5,500,140000,8,24,7632,0.1,554
"555",7674,87.8409999999994,65.9289999999992,19.8880000000008,1.99199999999928,0.766990130129825,0.25,"Picea",5,1000,140000,8,24,7674,0.1,555
"556",7602,7.14400000000001,1.375,4.20800000000008,1.52999999999997,0.697798470733055,0.5,"Picea",5,50,35000,8,24,7602,0.1,556
"557",7622,8.84299999999985,1.41899999999987,5.66800000000012,1.73099999999977,0.674039571649928,0.25,"Picea",5,50,140000,8,24,7622,0.142857142857143,557
"558",7700,24.172,2.07999999999998,20.333,1.73599999999999,0.737636357126635,0.1,"Picea",5,50,875000,8,27,7700,0.111111111111111,558
"559",7701,8.61500000000001,2.39200000000005,4.48099999999999,1.71999999999997,0.642790955734631,1,"Picea",5,50,8750,8,27,7701,0.1,559
"560",7789,83.3099999999995,64.3220000000001,17.3100000000004,1.64899999999943,0.780317763997009,0.25,"Picea",5,1000,140000,8,27,7789,0.1,560
"561",7804,52.7039999999997,34.6999999999998,16.4040000000005,1.57299999999941,0.749432125930717,0.25,"Picea",5,500,140000,8,27,7804,0.1,561
"562",7706,54.2380000000001,41.9929999999999,10.548,1.67100000000005,0.760093556909238,0.5,"Picea",5,500,35000,8,27,7706,0.1,562
"563",7750,40.3130000000001,31.029,7.63599999999997,1.61299999999983,0.778293272436824,1,"Picea",5,500,8750,8,27,7750,0.1,563
"564",7733,78.3450000000003,66.538,10.1210000000001,1.6579999999999,0.771204223439875,0.5,"Picea",5,1000,35000,8,27,7733,0.1,564
"565",7719,126.875,114.864,10.4590000000001,1.52400000000011,0.78738958413028,1,"Picea",5,1000,8750,8,27,7719,0.1,565
"566",7744,160.757,80.944,78.0899999999997,1.69600000000037,0.776565261990469,0.1,"Picea",5,1000,875000,8,27,7744,0.1,566
"567",7755,65.2309999999998,20.0709999999999,43.2689999999998,1.86599999999999,0.756807610734492,0.1,"Picea",5,500,875000,8,27,7755,0.1,567
"568",7788,16.5420000000004,5.57899999999972,9.08299999999963,1.85000000000036,0.604110872350122,0.5,"Picea",5,50,35000,8,27,7788,0.111111111111111,568
"569",7774,7.29399999999987,0.982999999999265,4.66100000000006,1.6260000000002,0.730342885102063,0.25,"Picea",5,50,140000,8,27,7774,0.125,569
"570",7907,125.558999999999,110.268,13.1440000000002,2.11399999999958,0.774826051091102,0.5,"Picea",5,1000,35000,8,30,7907,0.1,570
"571",7916,6.93299999999999,1.125,4.09900000000016,1.68099999999959,0.694999882826931,0.5,"Picea",5,50,35000,8,30,7916,0.1,571
"572",7903,203.188999999999,101.292,99.9749999999995,1.88699999999972,0.768866161144255,0.1,"Picea",5,1000,875000,8,30,7903,0.1,572
"573",7885,29.0019999999995,15.9500000000007,11.2869999999994,1.72699999999986,0.740917584769996,0.25,"Picea",5,500,140000,8,30,7885,0.1,573
"574",7871,25.0300000000002,2.03500000000031,21.1399999999999,1.82600000000002,0.676713541347413,0.1,"Picea",5,50,875000,8,30,7871,0.1,574
"575",7824,90.976,79.326,9.93100000000004,1.68600000000004,0.771502272207147,1,"Picea",5,1000,8750,8,30,7824,0.1,575
"576",7920,109.511,84.6140000000005,22.8810000000003,1.97599999999966,0.777429242804222,0.25,"Picea",5,1000,140000,8,30,7920,0.1,576
"577",7873,15.3250000000003,3.71199999999999,9.79099999999971,1.79400000000032,0.68623699952676,0.25,"Picea",5,50,140000,8,30,7873,0.1,577
"578",7888,36.1229999999996,25.2889999999998,8.68099999999959,2.11999999999989,0.764096083652706,0.5,"Picea",5,500,35000,8,30,7888,0.1,578
"579",7914,11.134,3.56899999999951,5.74499999999989,1.78900000000067,0.685003901225031,1,"Picea",5,50,8750,8,30,7914,0.1,579
"580",7838,78.4499999999998,24.1009999999999,52.549,1.76900000000001,0.753988298679817,0.1,"Picea",5,500,875000,8,30,7838,0.1,580
"581",7915,35.2540000000008,26.1909999999998,7.28399999999965,1.74900000000071,0.750468838269001,1,"Picea",5,500,8750,8,30,7915,0.1,581
"582",8038,30.5839999999998,21.8739999999998,6.98899999999958,1.6909999999998,0.74973076726444,1,"Picea",5,500,8750,8,33,8038,0.1,582
"583",7937,8.45299999999997,1.43600000000004,5.12299999999999,1.86599999999999,0.706889587646644,0.5,"Picea",5,50,35000,8,33,7937,0.111111111111111,583
"584",8044,27.1459999999997,18.1199999999999,7.46000000000004,1.53499999999985,0.753433635435005,0.5,"Picea",5,500,35000,8,33,8044,0.1,584
"585",7970,78.3899999999999,65.451,11.1129999999998,1.79500000000007,0.773261302293844,0.5,"Picea",5,1000,35000,8,33,7970,0.1,585
"586",8006,83.8390000000004,64.4749999999999,17.6420000000003,1.6880000000001,0.770296417889872,0.25,"Picea",5,1000,140000,8,33,8006,0.1,586
"587",8045,182.743,86.7449999999999,94.0309999999999,1.9320000000007,0.774979134531622,0.1,"Picea",5,1000,875000,8,33,8045,0.1,587
"588",7998,40.9370000000004,25.25,14.1290000000004,1.53099999999995,0.761888125429018,0.25,"Picea",5,500,140000,8,33,7998,0.1,588
"589",8010,97.6090000000004,28.0479999999998,67.6280000000006,1.90099999999984,0.750269125069799,0.1,"Picea",5,500,875000,8,33,8010,0.1,589
"590",7945,10.042,3.10399999999993,5.08500000000004,1.81299999999999,0.734956757732396,1,"Picea",5,50,8750,8,33,7945,0.111111111111111,590
"591",7948,69.7220000000001,59.4060000000001,8.404,1.86500000000001,0.765050366622895,1,"Picea",5,1000,8750,8,33,7948,0.1,591
"592",7983,16.8040000000001,1.14900000000034,13.7129999999997,1.91000000000031,0.687186510569402,0.1,"Picea",5,50,875000,8,33,7983,0.111111111111111,592
"593",7955,12.6420000000001,2.32400000000007,8.55500000000006,1.73199999999997,0.660613357242991,0.25,"Picea",5,50,140000,8,33,7955,0.1,593
"594",8053,5.69800000000001,0.884999999999991,3.197,1.423,0.677237686654029,1,"Picea",5,50,8750,8,36,8053,0.1,594
"595",8111,29.2869999999998,20.002,7.15599999999995,2.096,0.756835613170643,1,"Picea",5,500,8750,8,36,8111,0.1,595
"596",8055,113.747,39.422,72.515,1.779,0.753202010857801,0.1,"Picea",5,500,875000,8,36,8055,0.1,596
"597",8098,123.945,19.9750000000004,102.026,1.91300000000001,0.658711944989483,0.1,"Picea",5,50,875000,8,36,8098,0.1,597
"598",8142,158.069,81.7730000000001,74.6729999999998,1.59400000000005,0.782113980989332,0.1,"Picea",5,1000,875000,8,36,8142,0.1,598
"599",8156,11.0299999999997,2.17799999999988,7.26999999999953,1.55400000000009,0.718826550859058,0.25,"Picea",5,50,140000,8,36,8156,0.111111111111111,599
"600",8095,40.0619999999999,23.8299999999999,14.2690000000002,1.92899999999963,0.743686811132296,0.25,"Picea",5,500,140000,8,36,8095,0.1,600
"601",8127,10.4889999999996,2.76299999999992,5.94700000000012,1.7519999999995,0.674447305719985,0.5,"Picea",5,50,35000,8,36,8127,0.1,601
"602",8101,89.1790000000001,68.0540000000001,19.165,1.92399999999998,0.761555086437574,0.25,"Picea",5,1000,140000,8,36,8101,0.1,602
"603",8106,75.1849999999999,63.2510000000002,9.97899999999981,1.91000000000031,0.764310585391657,0.5,"Picea",5,1000,35000,8,36,8106,0.1,603
"604",8089,152.942,137.953,12.768,2.1840000000002,0.776610837589534,1,"Picea",5,1000,8750,8,36,8089,0.1,604
"605",8114,31.7970000000005,21.6860000000006,8.1239999999998,1.94400000000041,0.745521368635883,0.5,"Picea",5,500,35000,8,36,8114,0.1,605
"606",8243,96.4679999999998,74.4949999999999,20.0420000000004,1.88699999999972,0.770140091743693,0.25,"Picea",5,1000,140000,8,39,8243,0.1,606
"607",8263,44.2070000000003,3.97799999999916,37.8490000000002,2.34600000000046,0.721946699739793,0.1,"Picea",5,50,875000,8,39,8263,0.111111111111111,607
"608",8174,31.36,21.828,7.68599999999998,1.81099999999998,0.766909941188975,0.5,"Picea",5,500,35000,8,39,8174,0.1,608
"609",8195,36.8809999999999,21.9960000000001,12.982,1.87299999999982,0.763388643380745,0.25,"Picea",5,500,140000,8,39,8195,0.1,609
"610",8210,178.197,85.6949999999997,90.5060000000003,1.96499999999969,0.774701416108144,0.1,"Picea",5,1000,875000,8,39,8210,0.1,610
"611",8282,7.52199999999993,0.918999999999869,4.41600000000017,2.15799999999945,0.712281400703732,0.5,"Picea",5,50,35000,8,39,8282,0.111111111111111,611
"612",8261,85.0650000000005,71.8239999999996,11.3819999999996,1.82300000000032,0.784147225248005,0.5,"Picea",5,1000,35000,8,39,8261,0.1,612
"613",8179,6.93700000000001,1.47200000000009,3.70699999999999,1.726,0.693068235268039,1,"Picea",5,50,8750,8,39,8179,0.1,613
"614",8256,79.1790000000001,23.9789999999994,53.1480000000001,2.02000000000044,0.756752355109323,0.1,"Picea",5,500,875000,8,39,8256,0.1,614
"615",8254,105.168,92.5309999999999,10.2939999999999,2.30699999999979,0.777826527609769,1,"Picea",5,1000,8750,8,39,8254,0.1,615
"616",8201,13.143,2.77799999999979,8.45800000000008,1.88100000000031,0.685125711048013,0.25,"Picea",5,50,140000,8,39,8201,0.1,616
"617",8237,54.0349999999999,41.4210000000003,10.1909999999998,2.38799999999992,0.751501175724369,1,"Picea",5,500,8750,8,39,8237,0.1,617
