"","cores","GBMemory","TimeUncertainty","cluster","TimeUncertainty","time","cost","fromOrigin","choice"
"1",1,2,27.3261196593054,"1",25.0854862495453,94.7934206768028,0.0125574341841162,2.63199352327467,1
"13",2,2,36.4395091699168,"1",25.0854862495453,94.7934206768028,0.0125574341841162,2.63199352327467,1
"14",2,4,30.2376956681259,"1",25.0854862495453,94.7934206768028,0.0125574341841162,2.63199352327467,1
"15",2,5,30.2376956681259,"1",25.0854862495453,94.7934206768028,0.0125574341841162,2.63199352327467,1
"16",2,6,30.2376956681259,"1",25.0854862495453,94.7934206768028,0.0125574341841162,2.63199352327467,1
"17",2,8,30.2376956681259,"1",25.0854862495453,94.7934206768028,0.0125574341841162,2.63199352327467,1
"18",2,10,30.2376956681259,"1",25.0854862495453,94.7934206768028,0.0125574341841162,2.63199352327467,1
"19",2,12,30.2376956681259,"1",25.0854862495453,94.7934206768028,0.0125574341841162,2.63199352327467,1
"20",2,14,30.2376956681259,"1",25.0854862495453,94.7934206768028,0.0125574341841162,2.63199352327467,1
"21",2,16,30.2376956681259,"1",25.0854862495453,94.7934206768028,0.0125574341841162,2.63199352327467,1
"22",2,18,45.7502576977697,"1",25.0854862495453,94.7934206768028,0.0125574341841162,2.63199352327467,1
"23",2,20,45.7502576977697,"1",25.0854862495453,94.7934206768028,0.0125574341841162,2.63199352327467,1
"24",2,22,45.7502576977697,"1",25.0854862495453,94.7934206768028,0.0125574341841162,2.63199352327467,1
"25",3,2,33.8629216494482,"1",25.0854862495453,94.7934206768028,0.0125574341841162,2.63199352327467,1
"26",3,4,30.1434515966753,"1",25.0854862495453,94.7934206768028,0.0125574341841162,2.63199352327467,1
"27",3,5,30.1434515966753,"1",25.0854862495453,94.7934206768028,0.0125574341841162,2.63199352327467,1
"28",3,6,30.1434515966753,"1",25.0854862495453,94.7934206768028,0.0125574341841162,2.63199352327467,1
"29",3,8,30.1434515966753,"1",25.0854862495453,94.7934206768028,0.0125574341841162,2.63199352327467,1
"30",3,10,30.1434515966753,"1",25.0854862495453,94.7934206768028,0.0125574341841162,2.63199352327467,1
"31",3,12,30.1434515966753,"1",25.0854862495453,94.7934206768028,0.0125574341841162,2.63199352327467,1
"32",3,14,30.1434515966753,"1",25.0854862495453,94.7934206768028,0.0125574341841162,2.63199352327467,1
"33",3,16,30.1434515966753,"1",25.0854862495453,94.7934206768028,0.0125574341841162,2.63199352327467,1
"34",3,18,43.6000396988961,"1",25.0854862495453,94.7934206768028,0.0125574341841162,2.63199352327467,1
"35",3,20,43.6000396988961,"1",25.0854862495453,94.7934206768028,0.0125574341841162,2.63199352327467,1
"36",3,22,43.6000396988961,"1",25.0854862495453,94.7934206768028,0.0125574341841162,2.63199352327467,1
"37",4,2,26.7947383901342,"1",25.0854862495453,94.7934206768028,0.0125574341841162,2.63199352327467,1
"38",4,4,31.4716290198819,"1",25.0854862495453,94.7934206768028,0.0125574341841162,2.63199352327467,1
"39",4,5,31.4716290198819,"1",25.0854862495453,94.7934206768028,0.0125574341841162,2.63199352327467,1
"40",4,6,31.4716290198819,"1",25.0854862495453,94.7934206768028,0.0125574341841162,2.63199352327467,1
"41",4,8,31.4716290198819,"1",25.0854862495453,94.7934206768028,0.0125574341841162,2.63199352327467,1
"42",4,10,31.4716290198819,"1",25.0854862495453,94.7934206768028,0.0125574341841162,2.63199352327467,1
"43",4,12,31.4716290198819,"1",25.0854862495453,94.7934206768028,0.0125574341841162,2.63199352327467,1
"44",4,14,31.4716290198819,"1",25.0854862495453,94.7934206768028,0.0125574341841162,2.63199352327467,1
"45",4,16,31.4716290198819,"1",25.0854862495453,94.7934206768028,0.0125574341841162,2.63199352327467,1
"46",4,18,38.6852938664221,"1",25.0854862495453,94.7934206768028,0.0125574341841162,2.63199352327467,1
"47",4,20,38.6852938664221,"1",25.0854862495453,94.7934206768028,0.0125574341841162,2.63199352327467,1
"48",4,22,38.6852938664221,"1",25.0854862495453,94.7934206768028,0.0125574341841162,2.63199352327467,1
"49",5,2,28.1948391906387,"1",25.0854862495453,94.7934206768028,0.0125574341841162,2.63199352327467,1
"50",5,4,23.1015741941884,"1",25.0854862495453,94.7934206768028,0.0125574341841162,2.63199352327467,1
"51",5,5,23.1015741941884,"1",25.0854862495453,94.7934206768028,0.0125574341841162,2.63199352327467,1
"52",5,6,23.1015741941884,"1",25.0854862495453,94.7934206768028,0.0125574341841162,2.63199352327467,1
"53",5,8,23.1015741941884,"1",25.0854862495453,94.7934206768028,0.0125574341841162,2.63199352327467,1
"54",5,10,23.1015741941884,"1",25.0854862495453,94.7934206768028,0.0125574341841162,2.63199352327467,1
"55",5,12,23.1015741941884,"1",25.0854862495453,94.7934206768028,0.0125574341841162,2.63199352327467,1
"56",5,14,23.1015741941884,"1",25.0854862495453,94.7934206768028,0.0125574341841162,2.63199352327467,1
"57",5,16,23.1015741941884,"1",25.0854862495453,94.7934206768028,0.0125574341841162,2.63199352327467,1
"58",5,18,30.9454348819545,"1",25.0854862495453,94.7934206768028,0.0125574341841162,2.63199352327467,1
"59",5,20,30.9454348819545,"1",25.0854862495453,94.7934206768028,0.0125574341841162,2.63199352327467,1
"60",5,22,30.9454348819545,"1",25.0854862495453,94.7934206768028,0.0125574341841162,2.63199352327467,1
"61",6,2,27.0129377565174,"1",25.0854862495453,94.7934206768028,0.0125574341841162,2.63199352327467,1
"62",6,4,22.0919829538607,"1",25.0854862495453,94.7934206768028,0.0125574341841162,2.63199352327467,1
"63",6,5,22.0919829538607,"1",25.0854862495453,94.7934206768028,0.0125574341841162,2.63199352327467,1
"64",6,6,22.0919829538607,"1",25.0854862495453,94.7934206768028,0.0125574341841162,2.63199352327467,1
"65",6,8,22.0919829538607,"1",25.0854862495453,94.7934206768028,0.0125574341841162,2.63199352327467,1
"66",6,10,22.0919829538607,"1",25.0854862495453,94.7934206768028,0.0125574341841162,2.63199352327467,1
"67",6,12,22.0919829538607,"1",25.0854862495453,94.7934206768028,0.0125574341841162,2.63199352327467,1
"68",6,14,22.0919829538607,"1",25.0854862495453,94.7934206768028,0.0125574341841162,2.63199352327467,1
"69",6,16,22.0919829538607,"1",25.0854862495453,94.7934206768028,0.0125574341841162,2.63199352327467,1
"70",6,18,30.0747342734595,"1",25.0854862495453,94.7934206768028,0.0125574341841162,2.63199352327467,1
"71",6,20,30.0747342734595,"1",25.0854862495453,94.7934206768028,0.0125574341841162,2.63199352327467,1
"72",6,22,30.0747342734595,"1",25.0854862495453,94.7934206768028,0.0125574341841162,2.63199352327467,1
"73",7,2,27.6860955496886,"1",25.0854862495453,94.7934206768028,0.0125574341841162,2.63199352327467,1
"74",7,4,21.120219950828,"1",25.0854862495453,94.7934206768028,0.0125574341841162,2.63199352327467,1
"75",7,5,21.120219950828,"1",25.0854862495453,94.7934206768028,0.0125574341841162,2.63199352327467,1
"76",7,6,21.120219950828,"1",25.0854862495453,94.7934206768028,0.0125574341841162,2.63199352327467,1
"77",7,8,21.120219950828,"1",25.0854862495453,94.7934206768028,0.0125574341841162,2.63199352327467,1
"78",7,10,21.120219950828,"1",25.0854862495453,94.7934206768028,0.0125574341841162,2.63199352327467,1
"79",7,12,21.120219950828,"1",25.0854862495453,94.7934206768028,0.0125574341841162,2.63199352327467,1
"80",7,14,21.120219950828,"1",25.0854862495453,94.7934206768028,0.0125574341841162,2.63199352327467,1
"81",7,16,21.120219950828,"1",25.0854862495453,94.7934206768028,0.0125574341841162,2.63199352327467,1
"82",7,18,31.3877836507725,"1",25.0854862495453,94.7934206768028,0.0125574341841162,2.63199352327467,1
"83",7,20,31.3877836507725,"1",25.0854862495453,94.7934206768028,0.0125574341841162,2.63199352327467,1
"84",7,22,31.3877836507725,"1",25.0854862495453,94.7934206768028,0.0125574341841162,2.63199352327467,1
"85",8,2,31.3881668970333,"1",25.0854862495453,94.7934206768028,0.0125574341841162,2.63199352327467,1
"86",8,4,30.7418641127381,"1",25.0854862495453,94.7934206768028,0.0125574341841162,2.63199352327467,1
"87",8,5,30.7418641127381,"1",25.0854862495453,94.7934206768028,0.0125574341841162,2.63199352327467,1
"88",8,6,30.7418641127381,"1",25.0854862495453,94.7934206768028,0.0125574341841162,2.63199352327467,1
"89",8,8,30.7418641127381,"1",25.0854862495453,94.7934206768028,0.0125574341841162,2.63199352327467,1
"90",8,10,30.7418641127381,"1",25.0854862495453,94.7934206768028,0.0125574341841162,2.63199352327467,1
"91",8,12,30.7418641127381,"1",25.0854862495453,94.7934206768028,0.0125574341841162,2.63199352327467,1
"92",8,14,30.7418641127381,"1",25.0854862495453,94.7934206768028,0.0125574341841162,2.63199352327467,1
"93",8,16,30.7418641127381,"1",25.0854862495453,94.7934206768028,0.0125574341841162,2.63199352327467,1
"94",8,18,37.8372530664449,"1",25.0854862495453,94.7934206768028,0.0125574341841162,2.63199352327467,1
"95",8,20,37.8372530664449,"1",25.0854862495453,94.7934206768028,0.0125574341841162,2.63199352327467,1
"96",8,22,37.8372530664449,"1",25.0854862495453,94.7934206768028,0.0125574341841162,2.63199352327467,1
"97",9,2,24.0909658020267,"1",25.0854862495453,94.7934206768028,0.0125574341841162,2.63199352327467,1
"98",9,4,20.6568503136328,"1",25.0854862495453,94.7934206768028,0.0125574341841162,2.63199352327467,1
"99",9,5,20.6568503136328,"1",25.0854862495453,94.7934206768028,0.0125574341841162,2.63199352327467,1
"100",9,6,20.6568503136328,"1",25.0854862495453,94.7934206768028,0.0125574341841162,2.63199352327467,1
"101",9,8,20.6568503136328,"1",25.0854862495453,94.7934206768028,0.0125574341841162,2.63199352327467,1
"102",9,10,20.6568503136328,"1",25.0854862495453,94.7934206768028,0.0125574341841162,2.63199352327467,1
"103",9,12,20.6568503136328,"1",25.0854862495453,94.7934206768028,0.0125574341841162,2.63199352327467,1
"104",9,14,20.6568503136328,"1",25.0854862495453,94.7934206768028,0.0125574341841162,2.63199352327467,1
"105",9,16,20.6568503136328,"1",25.0854862495453,94.7934206768028,0.0125574341841162,2.63199352327467,1
"106",9,18,31.1974112396581,"1",25.0854862495453,94.7934206768028,0.0125574341841162,2.63199352327467,1
"107",9,20,31.1974112396581,"1",25.0854862495453,94.7934206768028,0.0125574341841162,2.63199352327467,1
"108",9,22,31.1974112396581,"1",25.0854862495453,94.7934206768028,0.0125574341841162,2.63199352327467,1
"109",10,2,23.7713204851182,"1",25.0854862495453,94.7934206768028,0.0125574341841162,2.63199352327467,1
"110",10,4,19.6246623442754,"1",25.0854862495453,94.7934206768028,0.0125574341841162,2.63199352327467,1
"111",10,5,19.6246623442754,"1",25.0854862495453,94.7934206768028,0.0125574341841162,2.63199352327467,1
"112",10,6,19.6246623442754,"1",25.0854862495453,94.7934206768028,0.0125574341841162,2.63199352327467,1
"113",10,8,19.6246623442754,"1",25.0854862495453,94.7934206768028,0.0125574341841162,2.63199352327467,1
"114",10,10,19.6246623442754,"1",25.0854862495453,94.7934206768028,0.0125574341841162,2.63199352327467,1
"115",10,12,19.6246623442754,"1",25.0854862495453,94.7934206768028,0.0125574341841162,2.63199352327467,1
"116",10,14,19.6246623442754,"1",25.0854862495453,94.7934206768028,0.0125574341841162,2.63199352327467,1
"117",10,16,19.6246623442754,"1",25.0854862495453,94.7934206768028,0.0125574341841162,2.63199352327467,1
"118",10,18,30.8290783303696,"1",25.0854862495453,94.7934206768028,0.0125574341841162,2.63199352327467,1
"119",10,20,30.8290783303696,"1",25.0854862495453,94.7934206768028,0.0125574341841162,2.63199352327467,1
"120",10,22,30.8290783303696,"1",25.0854862495453,94.7934206768028,0.0125574341841162,2.63199352327467,1
"121",11,2,23.8415193107217,"1",25.0854862495453,94.7934206768028,0.0125574341841162,2.63199352327467,1
"122",11,4,19.2609560115707,"1",25.0854862495453,94.7934206768028,0.0125574341841162,2.63199352327467,1
"123",11,5,19.2609560115707,"1",25.0854862495453,94.7934206768028,0.0125574341841162,2.63199352327467,1
"124",11,6,19.2609560115707,"1",25.0854862495453,94.7934206768028,0.0125574341841162,2.63199352327467,1
"125",11,8,19.2609560115707,"1",25.0854862495453,94.7934206768028,0.0125574341841162,2.63199352327467,1
"126",11,10,19.2609560115707,"1",25.0854862495453,94.7934206768028,0.0125574341841162,2.63199352327467,1
"127",11,12,19.2609560115707,"1",25.0854862495453,94.7934206768028,0.0125574341841162,2.63199352327467,1
"128",11,14,19.2609560115707,"1",25.0854862495453,94.7934206768028,0.0125574341841162,2.63199352327467,1
"129",11,16,19.2609560115707,"1",25.0854862495453,94.7934206768028,0.0125574341841162,2.63199352327467,1
"130",11,18,30.0131254793456,"1",25.0854862495453,94.7934206768028,0.0125574341841162,2.63199352327467,1
"131",11,20,30.0131254793456,"1",25.0854862495453,94.7934206768028,0.0125574341841162,2.63199352327467,1
"132",11,22,30.0131254793456,"1",25.0854862495453,94.7934206768028,0.0125574341841162,2.63199352327467,1
"133",12,2,23.5126254337579,"1",25.0854862495453,94.7934206768028,0.0125574341841162,2.63199352327467,1
"134",12,4,18.858555710036,"1",25.0854862495453,94.7934206768028,0.0125574341841162,2.63199352327467,1
"135",12,5,18.858555710036,"1",25.0854862495453,94.7934206768028,0.0125574341841162,2.63199352327467,1
"136",12,6,18.858555710036,"1",25.0854862495453,94.7934206768028,0.0125574341841162,2.63199352327467,1
"137",12,8,18.858555710036,"1",25.0854862495453,94.7934206768028,0.0125574341841162,2.63199352327467,1
"138",12,10,18.858555710036,"1",25.0854862495453,94.7934206768028,0.0125574341841162,2.63199352327467,1
"139",12,12,18.858555710036,"1",25.0854862495453,94.7934206768028,0.0125574341841162,2.63199352327467,1
"140",12,14,18.858555710036,"1",25.0854862495453,94.7934206768028,0.0125574341841162,2.63199352327467,1
"141",12,16,18.858555710036,"1",25.0854862495453,94.7934206768028,0.0125574341841162,2.63199352327467,1
"142",12,18,29.6528713449618,"1",25.0854862495453,94.7934206768028,0.0125574341841162,2.63199352327467,1
"143",12,20,29.6528713449618,"1",25.0854862495453,94.7934206768028,0.0125574341841162,2.63199352327467,1
"144",12,22,29.6528713449618,"1",25.0854862495453,94.7934206768028,0.0125574341841162,2.63199352327467,1
"145",13,2,23.5776492494379,"1",25.0854862495453,94.7934206768028,0.0125574341841162,2.63199352327467,1
"146",13,4,19.1854177585943,"1",25.0854862495453,94.7934206768028,0.0125574341841162,2.63199352327467,1
"147",13,5,19.1854177585943,"1",25.0854862495453,94.7934206768028,0.0125574341841162,2.63199352327467,1
"148",13,6,19.1854177585943,"1",25.0854862495453,94.7934206768028,0.0125574341841162,2.63199352327467,1
"149",13,8,19.1854177585943,"1",25.0854862495453,94.7934206768028,0.0125574341841162,2.63199352327467,1
"150",13,10,19.1854177585943,"1",25.0854862495453,94.7934206768028,0.0125574341841162,2.63199352327467,1
"151",13,12,19.1854177585943,"1",25.0854862495453,94.7934206768028,0.0125574341841162,2.63199352327467,1
"152",13,14,19.1854177585943,"1",25.0854862495453,94.7934206768028,0.0125574341841162,2.63199352327467,1
"153",13,16,19.1854177585943,"1",25.0854862495453,94.7934206768028,0.0125574341841162,2.63199352327467,1
"154",13,18,29.8405594613718,"1",25.0854862495453,94.7934206768028,0.0125574341841162,2.63199352327467,1
"155",13,20,29.8405594613718,"1",25.0854862495453,94.7934206768028,0.0125574341841162,2.63199352327467,1
"156",13,22,29.8405594613718,"1",25.0854862495453,94.7934206768028,0.0125574341841162,2.63199352327467,1
"157",14,2,23.2957030674561,"1",25.0854862495453,94.7934206768028,0.0125574341841162,2.63199352327467,1
"158",14,4,19.4494699117615,"1",25.0854862495453,94.7934206768028,0.0125574341841162,2.63199352327467,1
"159",14,5,19.4494699117615,"1",25.0854862495453,94.7934206768028,0.0125574341841162,2.63199352327467,1
"160",14,6,19.4494699117615,"1",25.0854862495453,94.7934206768028,0.0125574341841162,2.63199352327467,1
"161",14,8,19.4494699117615,"1",25.0854862495453,94.7934206768028,0.0125574341841162,2.63199352327467,1
"162",14,10,19.4494699117615,"1",25.0854862495453,94.7934206768028,0.0125574341841162,2.63199352327467,1
"163",14,12,19.4494699117615,"1",25.0854862495453,94.7934206768028,0.0125574341841162,2.63199352327467,1
"164",14,14,19.4494699117615,"1",25.0854862495453,94.7934206768028,0.0125574341841162,2.63199352327467,1
"165",14,16,19.4494699117615,"1",25.0854862495453,94.7934206768028,0.0125574341841162,2.63199352327467,1
"166",14,18,29.8435920645659,"1",25.0854862495453,94.7934206768028,0.0125574341841162,2.63199352327467,1
"167",14,20,29.8435920645659,"1",25.0854862495453,94.7934206768028,0.0125574341841162,2.63199352327467,1
"168",14,22,29.8435920645659,"1",25.0854862495453,94.7934206768028,0.0125574341841162,2.63199352327467,1
"169",15,2,24.0044768135481,"1",25.0854862495453,94.7934206768028,0.0125574341841162,2.63199352327467,1
"170",15,4,20.1004158873941,"1",25.0854862495453,94.7934206768028,0.0125574341841162,2.63199352327467,1
"171",15,5,20.1004158873941,"1",25.0854862495453,94.7934206768028,0.0125574341841162,2.63199352327467,1
"172",15,6,20.1004158873941,"1",25.0854862495453,94.7934206768028,0.0125574341841162,2.63199352327467,1
"173",15,8,20.1004158873941,"1",25.0854862495453,94.7934206768028,0.0125574341841162,2.63199352327467,1
"174",15,10,20.1004158873941,"1",25.0854862495453,94.7934206768028,0.0125574341841162,2.63199352327467,1
"175",15,12,20.1004158873941,"1",25.0854862495453,94.7934206768028,0.0125574341841162,2.63199352327467,1
"176",15,14,20.1004158873941,"1",25.0854862495453,94.7934206768028,0.0125574341841162,2.63199352327467,1
"177",15,16,20.1004158873941,"1",25.0854862495453,94.7934206768028,0.0125574341841162,2.63199352327467,1
"178",15,18,29.2389001655038,"1",25.0854862495453,94.7934206768028,0.0125574341841162,2.63199352327467,1
"179",15,20,29.2389001655038,"1",25.0854862495453,94.7934206768028,0.0125574341841162,2.63199352327467,1
"180",15,22,29.2389001655038,"1",25.0854862495453,94.7934206768028,0.0125574341841162,2.63199352327467,1
"181",16,2,25.2682063255999,"1",25.0854862495453,94.7934206768028,0.0125574341841162,2.63199352327467,1
"182",16,4,20.1843708815798,"1",25.0854862495453,94.7934206768028,0.0125574341841162,2.63199352327467,1
"183",16,5,20.1843708815798,"1",25.0854862495453,94.7934206768028,0.0125574341841162,2.63199352327467,1
"184",16,6,20.1843708815798,"1",25.0854862495453,94.7934206768028,0.0125574341841162,2.63199352327467,1
"185",16,8,20.1843708815798,"1",25.0854862495453,94.7934206768028,0.0125574341841162,2.63199352327467,1
"186",16,10,20.1843708815798,"1",25.0854862495453,94.7934206768028,0.0125574341841162,2.63199352327467,1
"187",16,12,20.1843708815798,"1",25.0854862495453,94.7934206768028,0.0125574341841162,2.63199352327467,1
"188",16,14,20.1843708815798,"1",25.0854862495453,94.7934206768028,0.0125574341841162,2.63199352327467,1
"189",16,16,20.1843708815798,"1",25.0854862495453,94.7934206768028,0.0125574341841162,2.63199352327467,1
"190",16,18,22.3292643147448,"1",25.0854862495453,94.7934206768028,0.0125574341841162,2.63199352327467,1
"191",16,20,22.3292643147448,"1",25.0854862495453,94.7934206768028,0.0125574341841162,2.63199352327467,1
"192",16,22,22.3292643147448,"1",25.0854862495453,94.7934206768028,0.0125574341841162,2.63199352327467,1
"193",17,2,27.1253369090107,"1",25.0854862495453,94.7934206768028,0.0125574341841162,2.63199352327467,1
"194",17,4,23.7931778227231,"1",25.0854862495453,94.7934206768028,0.0125574341841162,2.63199352327467,1
"195",17,5,23.7931778227231,"1",25.0854862495453,94.7934206768028,0.0125574341841162,2.63199352327467,1
"196",17,6,23.7931778227231,"1",25.0854862495453,94.7934206768028,0.0125574341841162,2.63199352327467,1
"197",17,8,23.7931778227231,"1",25.0854862495453,94.7934206768028,0.0125574341841162,2.63199352327467,1
"198",17,12,23.7931778227231,"1",25.0854862495453,94.7934206768028,0.0125574341841162,2.63199352327467,1
"199",17,14,23.7931778227231,"1",25.0854862495453,94.7934206768028,0.0125574341841162,2.63199352327467,1
"200",17,16,23.7931778227231,"1",25.0854862495453,94.7934206768028,0.0125574341841162,2.63199352327467,1
"201",17,18,18.6330036114611,"1",25.0854862495453,94.7934206768028,0.0125574341841162,2.63199352327467,1
"202",17,20,18.6330036114611,"1",25.0854862495453,94.7934206768028,0.0125574341841162,2.63199352327467,1
"203",17,22,18.6330036114611,"1",25.0854862495453,94.7934206768028,0.0125574341841162,2.63199352327467,1
"204",18,2,27.1653510608386,"1",25.0854862495453,94.7934206768028,0.0125574341841162,2.63199352327467,1
"205",18,4,24.0025611006205,"1",25.0854862495453,94.7934206768028,0.0125574341841162,2.63199352327467,1
"206",18,5,24.0025611006205,"1",25.0854862495453,94.7934206768028,0.0125574341841162,2.63199352327467,1
"207",18,6,24.0025611006205,"1",25.0854862495453,94.7934206768028,0.0125574341841162,2.63199352327467,1
"208",18,8,24.0025611006205,"1",25.0854862495453,94.7934206768028,0.0125574341841162,2.63199352327467,1
"209",18,10,24.0025611006205,"1",25.0854862495453,94.7934206768028,0.0125574341841162,2.63199352327467,1
"210",18,12,24.0025611006205,"1",25.0854862495453,94.7934206768028,0.0125574341841162,2.63199352327467,1
"211",18,14,24.0025611006205,"1",25.0854862495453,94.7934206768028,0.0125574341841162,2.63199352327467,1
"212",18,16,24.0025611006205,"1",25.0854862495453,94.7934206768028,0.0125574341841162,2.63199352327467,1
"213",18,18,17.6901267355033,"1",25.0854862495453,94.7934206768028,0.0125574341841162,2.63199352327467,1
"214",18,20,17.6901267355033,"1",25.0854862495453,94.7934206768028,0.0125574341841162,2.63199352327467,1
"215",18,22,17.6901267355033,"1",25.0854862495453,94.7934206768028,0.0125574341841162,2.63199352327467,1
"216",19,2,27.0881553374636,"1",25.0854862495453,94.7934206768028,0.0125574341841162,2.63199352327467,1
"217",19,4,24.7295757006849,"1",25.0854862495453,94.7934206768028,0.0125574341841162,2.63199352327467,1
"218",19,5,24.7295757006849,"1",25.0854862495453,94.7934206768028,0.0125574341841162,2.63199352327467,1
"219",19,6,24.7295757006849,"1",25.0854862495453,94.7934206768028,0.0125574341841162,2.63199352327467,1
"220",19,8,24.7295757006849,"1",25.0854862495453,94.7934206768028,0.0125574341841162,2.63199352327467,1
"221",19,10,24.7295757006849,"1",25.0854862495453,94.7934206768028,0.0125574341841162,2.63199352327467,1
"222",19,12,24.7295757006849,"1",25.0854862495453,94.7934206768028,0.0125574341841162,2.63199352327467,1
"223",19,14,24.7295757006849,"1",25.0854862495453,94.7934206768028,0.0125574341841162,2.63199352327467,1
"224",19,16,24.7295757006849,"1",25.0854862495453,94.7934206768028,0.0125574341841162,2.63199352327467,1
"225",19,18,18.2598988815151,"1",25.0854862495453,94.7934206768028,0.0125574341841162,2.63199352327467,1
"226",19,20,18.2598988815151,"1",25.0854862495453,94.7934206768028,0.0125574341841162,2.63199352327467,1
"227",19,22,18.2598988815151,"1",25.0854862495453,94.7934206768028,0.0125574341841162,2.63199352327467,1
"228",20,2,27.1851816556987,"1",25.0854862495453,94.7934206768028,0.0125574341841162,2.63199352327467,1
"229",20,4,24.3910308105452,"1",25.0854862495453,94.7934206768028,0.0125574341841162,2.63199352327467,1
"230",20,5,24.3910308105452,"1",25.0854862495453,94.7934206768028,0.0125574341841162,2.63199352327467,1
"231",20,6,24.3910308105452,"1",25.0854862495453,94.7934206768028,0.0125574341841162,2.63199352327467,1
"232",20,8,24.3910308105452,"1",25.0854862495453,94.7934206768028,0.0125574341841162,2.63199352327467,1
"233",20,10,24.3910308105452,"1",25.0854862495453,94.7934206768028,0.0125574341841162,2.63199352327467,1
"234",20,12,24.3910308105452,"1",25.0854862495453,94.7934206768028,0.0125574341841162,2.63199352327467,1
"235",20,14,24.3910308105452,"1",25.0854862495453,94.7934206768028,0.0125574341841162,2.63199352327467,1
"236",20,16,24.3910308105452,"1",25.0854862495453,94.7934206768028,0.0125574341841162,2.63199352327467,1
"237",20,18,17.4077702551636,"1",25.0854862495453,94.7934206768028,0.0125574341841162,2.63199352327467,1
"238",20,20,17.4077702551636,"1",25.0854862495453,94.7934206768028,0.0125574341841162,2.63199352327467,1
"239",20,22,17.4077702551636,"1",25.0854862495453,94.7934206768028,0.0125574341841162,2.63199352327467,1
"240",21,2,27.3135011281507,"1",25.0854862495453,94.7934206768028,0.0125574341841162,2.63199352327467,1
"241",21,4,25.2469871743609,"1",25.0854862495453,94.7934206768028,0.0125574341841162,2.63199352327467,1
"242",21,5,25.2469871743609,"1",25.0854862495453,94.7934206768028,0.0125574341841162,2.63199352327467,1
"243",21,6,25.2469871743609,"1",25.0854862495453,94.7934206768028,0.0125574341841162,2.63199352327467,1
"244",21,8,25.2469871743609,"1",25.0854862495453,94.7934206768028,0.0125574341841162,2.63199352327467,1
"245",21,10,25.2469871743609,"1",25.0854862495453,94.7934206768028,0.0125574341841162,2.63199352327467,1
"246",21,12,25.2469871743609,"1",25.0854862495453,94.7934206768028,0.0125574341841162,2.63199352327467,1
"247",21,14,25.2469871743609,"1",25.0854862495453,94.7934206768028,0.0125574341841162,2.63199352327467,1
"248",21,16,25.2469871743609,"1",25.0854862495453,94.7934206768028,0.0125574341841162,2.63199352327467,1
"249",21,18,18.1992753477669,"1",25.0854862495453,94.7934206768028,0.0125574341841162,2.63199352327467,1
"250",21,20,18.1992753477669,"1",25.0854862495453,94.7934206768028,0.0125574341841162,2.63199352327467,1
"251",21,22,18.1992753477669,"1",25.0854862495453,94.7934206768028,0.0125574341841162,2.63199352327467,1
"252",22,2,28.516163816698,"1",25.0854862495453,94.7934206768028,0.0125574341841162,2.63199352327467,1
"253",22,4,26.2461908030252,"1",25.0854862495453,94.7934206768028,0.0125574341841162,2.63199352327467,1
"254",22,5,26.2461908030252,"1",25.0854862495453,94.7934206768028,0.0125574341841162,2.63199352327467,1
"255",22,6,26.2461908030252,"1",25.0854862495453,94.7934206768028,0.0125574341841162,2.63199352327467,1
"256",22,8,26.2461908030252,"1",25.0854862495453,94.7934206768028,0.0125574341841162,2.63199352327467,1
"257",22,10,26.2461908030252,"1",25.0854862495453,94.7934206768028,0.0125574341841162,2.63199352327467,1
"258",22,12,26.2461908030252,"1",25.0854862495453,94.7934206768028,0.0125574341841162,2.63199352327467,1
"259",22,14,26.2461908030252,"1",25.0854862495453,94.7934206768028,0.0125574341841162,2.63199352327467,1
"260",22,16,26.2461908030252,"1",25.0854862495453,94.7934206768028,0.0125574341841162,2.63199352327467,1
"261",22,18,18.1877475645935,"1",25.0854862495453,94.7934206768028,0.0125574341841162,2.63199352327467,1
"262",22,20,18.1877475645935,"1",25.0854862495453,94.7934206768028,0.0125574341841162,2.63199352327467,1
"263",22,22,18.1877475645935,"1",25.0854862495453,94.7934206768028,0.0125574341841162,2.63199352327467,1
"264",23,2,28.5032685473519,"1",25.0854862495453,94.7934206768028,0.0125574341841162,2.63199352327467,1
"265",23,4,26.0173145501766,"1",25.0854862495453,94.7934206768028,0.0125574341841162,2.63199352327467,1
"266",23,5,26.0173145501766,"1",25.0854862495453,94.7934206768028,0.0125574341841162,2.63199352327467,1
"267",23,6,26.0173145501766,"1",25.0854862495453,94.7934206768028,0.0125574341841162,2.63199352327467,1
"268",23,8,26.0173145501766,"1",25.0854862495453,94.7934206768028,0.0125574341841162,2.63199352327467,1
"269",23,10,26.0173145501766,"1",25.0854862495453,94.7934206768028,0.0125574341841162,2.63199352327467,1
"270",23,12,26.0173145501766,"1",25.0854862495453,94.7934206768028,0.0125574341841162,2.63199352327467,1
"271",23,14,26.0173145501766,"1",25.0854862495453,94.7934206768028,0.0125574341841162,2.63199352327467,1
"272",23,16,26.0173145501766,"1",25.0854862495453,94.7934206768028,0.0125574341841162,2.63199352327467,1
"273",23,18,18.0716763049524,"1",25.0854862495453,94.7934206768028,0.0125574341841162,2.63199352327467,1
"274",23,20,18.0716763049524,"1",25.0854862495453,94.7934206768028,0.0125574341841162,2.63199352327467,1
"275",23,22,18.0716763049524,"1",25.0854862495453,94.7934206768028,0.0125574341841162,2.63199352327467,1
"276",24,2,29.9103089473909,"1",25.0854862495453,94.7934206768028,0.0125574341841162,2.63199352327467,1
"277",24,4,27.4983359068145,"1",25.0854862495453,94.7934206768028,0.0125574341841162,2.63199352327467,1
"278",24,5,27.4983359068145,"1",25.0854862495453,94.7934206768028,0.0125574341841162,2.63199352327467,1
"279",24,6,27.4983359068145,"1",25.0854862495453,94.7934206768028,0.0125574341841162,2.63199352327467,1
"280",24,8,27.4983359068145,"1",25.0854862495453,94.7934206768028,0.0125574341841162,2.63199352327467,1
"281",24,10,27.4983359068145,"1",25.0854862495453,94.7934206768028,0.0125574341841162,2.63199352327467,1
"282",24,12,27.4983359068145,"1",25.0854862495453,94.7934206768028,0.0125574341841162,2.63199352327467,1
"283",24,14,27.4983359068145,"1",25.0854862495453,94.7934206768028,0.0125574341841162,2.63199352327467,1
"284",24,16,27.4983359068145,"1",25.0854862495453,94.7934206768028,0.0125574341841162,2.63199352327467,1
"285",24,18,18.7509014533102,"1",25.0854862495453,94.7934206768028,0.0125574341841162,2.63199352327467,1
"286",24,20,18.7509014533102,"1",25.0854862495453,94.7934206768028,0.0125574341841162,2.63199352327467,1
"287",24,22,18.7509014533102,"1",25.0854862495453,94.7934206768028,0.0125574341841162,2.63199352327467,1
"2",1,4,54.3408223676354,"2",54.3408223676354,259.319952412746,0.00567586545843398,2.88325602704159,2
"3",1,5,54.3408223676354,"2",54.3408223676354,259.319952412746,0.00567586545843398,2.88325602704159,2
"4",1,6,54.3408223676354,"2",54.3408223676354,259.319952412746,0.00567586545843398,2.88325602704159,2
"5",1,8,54.3408223676354,"2",54.3408223676354,259.319952412746,0.00567586545843398,2.88325602704159,2
"6",1,10,54.3408223676354,"2",54.3408223676354,259.319952412746,0.00567586545843398,2.88325602704159,2
"7",1,12,54.3408223676354,"2",54.3408223676354,259.319952412746,0.00567586545843398,2.88325602704159,2
"8",1,14,54.3408223676354,"2",54.3408223676354,259.319952412746,0.00567586545843398,2.88325602704159,2
"9",1,16,54.3408223676354,"2",54.3408223676354,259.319952412746,0.00567586545843398,2.88325602704159,2
"10",1,18,80.4318703255163,"3",80.4318703255163,223.667876252902,0.0079849431822286,3.33810420859907,3
"11",1,20,80.4318703255163,"3",80.4318703255163,223.667876252902,0.0079849431822286,3.33810420859907,3
"12",1,22,80.4318703255163,"3",80.4318703255163,223.667876252902,0.0079849431822286,3.33810420859907,3
